ID,lettr,x-box,y-box,width,high,onpix,x-bar,y-bar,x2bar,y2bar,xybar,x2ybr,xy2br,x-ege,xegvy,y-ege,yegvx
8,A,1,1,3,2,1,8,2,2,2,8,2,8,1,6,2,7
18,C,7,10,5,5,2,6,8,6,8,11,7,11,2,8,5,9
26,C,6,11,7,8,3,7,8,7,11,4,7,14,1,7,4,8
51,Y,7,11,9,8,8,9,5,6,4,7,8,8,3,9,8,3
53,Y,2,4,4,3,2,6,10,1,7,8,11,8,1,11,2,7
59,C,6,10,4,5,2,6,9,6,6,11,7,7,2,9,5,9
62,C,2,3,3,1,1,5,9,4,6,11,9,11,1,9,2,8
69,Y,5,10,6,7,6,9,6,6,4,7,8,7,6,9,8,3
79,A,3,7,5,5,3,12,2,3,2,10,2,9,2,6,3,8
83,C,6,12,5,7,4,8,5,4,3,9,9,11,4,9,8,10
92,Y,8,10,8,7,4,3,10,3,7,11,12,6,1,11,3,5
101,Y,2,7,3,5,1,6,10,0,3,7,11,8,1,11,0,8
105,C,2,3,3,2,1,4,7,4,6,10,9,13,1,9,2,7
117,C,2,3,3,2,1,6,8,7,7,9,7,12,1,10,3,9
119,A,3,8,5,6,3,9,2,2,3,8,2,8,2,6,3,7
131,A,2,1,4,2,1,8,1,2,2,7,2,8,2,5,2,7
135,A,3,7,5,5,3,10,4,1,2,8,3,9,2,4,2,7
143,C,1,1,2,2,1,6,8,6,6,9,7,12,1,9,3,10
145,A,2,4,4,3,2,10,2,2,2,9,2,9,2,7,3,9
148,A,2,8,4,6,2,12,2,4,3,11,2,10,3,6,3,9
158,A,8,15,7,8,4,8,2,3,2,8,5,12,5,4,5,5
164,A,3,3,5,4,1,7,6,3,0,7,0,8,2,7,1,8
169,Y,6,9,6,7,4,5,8,0,8,8,9,5,2,11,4,4
172,C,2,1,2,2,1,6,8,7,7,8,7,12,1,9,4,10
202,Y,3,4,5,6,1,6,10,3,2,9,13,8,1,11,0,8
211,Y,2,2,4,4,2,6,10,1,7,7,11,9,1,11,1,8
217,A,3,5,5,7,2,7,7,3,1,6,0,8,3,7,1,8
233,A,2,7,4,5,3,13,3,3,2,10,1,8,2,6,2,8
235,A,4,9,6,6,2,10,5,3,1,8,1,9,2,7,2,8
243,Y,4,10,6,8,2,9,11,0,4,6,11,8,0,10,0,8
254,C,3,7,4,5,2,5,8,6,7,6,8,13,1,8,4,10
287,C,2,1,3,2,1,6,8,6,7,7,8,12,1,9,4,10
290,A,6,9,8,8,8,8,7,3,5,7,8,8,6,8,4,5
292,C,4,8,6,6,4,8,8,8,6,7,6,8,4,7,4,8
296,A,5,10,7,8,5,8,3,3,1,7,1,8,5,9,5,8
305,A,3,7,5,5,3,11,3,2,2,8,2,9,3,4,2,8
314,A,1,3,2,2,1,10,3,2,1,9,2,9,1,6,1,8
328,A,2,7,4,4,2,7,3,3,2,7,2,8,3,7,2,8
338,A,3,6,5,4,3,12,3,2,2,9,2,9,2,6,2,8
344,C,4,6,6,5,5,4,7,3,6,6,6,10,4,10,7,7
350,C,6,11,6,8,4,4,8,5,6,12,10,11,2,10,3,7
358,Y,4,11,6,8,1,7,11,2,3,8,12,8,1,11,0,8
386,C,5,7,5,5,3,6,7,6,8,12,8,12,2,10,4,7
394,C,1,0,2,1,0,7,7,6,7,7,6,13,0,8,4,10
414,C,3,6,4,4,1,6,7,6,10,7,6,13,1,8,4,9
416,A,2,6,4,4,2,12,2,4,3,12,2,10,2,6,3,9
417,Y,3,10,5,7,1,10,10,3,2,5,13,8,2,11,0,8
423,Y,3,8,6,5,1,10,10,3,2,5,13,8,2,11,0,8
435,C,4,3,5,5,2,6,7,6,10,7,6,13,1,8,4,9
458,Y,3,3,5,4,1,9,9,3,1,5,13,8,2,10,0,8
474,A,3,9,5,7,3,12,3,4,3,11,1,9,2,6,3,9
484,A,3,8,5,5,1,6,6,3,1,6,0,8,2,6,1,7
493,C,2,3,2,2,1,6,8,6,7,8,7,12,1,9,3,10
502,Y,4,5,5,4,2,4,11,2,7,11,10,6,1,11,2,5
503,A,3,9,6,7,3,11,2,3,3,10,2,9,2,6,3,8
507,Y,5,7,5,5,2,3,10,3,7,11,12,7,2,11,3,5
516,Y,5,11,6,8,2,3,11,3,8,13,11,5,0,10,2,4
518,A,4,9,6,6,2,7,4,3,2,7,1,8,3,7,3,8
527,Y,2,6,4,4,1,9,10,3,2,5,13,8,2,11,0,8
540,Y,9,9,8,13,5,9,10,2,4,5,11,5,4,10,7,8
561,Y,3,3,4,4,1,10,13,3,3,3,11,9,0,10,0,8
604,Y,4,9,6,7,2,7,12,1,3,7,11,8,0,10,0,8
609,A,5,11,7,8,4,8,3,2,3,7,1,8,2,7,3,7
617,Y,5,6,5,4,3,5,9,1,7,9,10,6,2,11,3,5
639,A,3,8,5,5,2,7,4,3,1,7,1,8,3,7,2,8
642,Y,2,1,3,1,0,7,10,3,1,7,13,8,1,11,0,8
648,Y,6,6,8,9,8,10,12,6,4,6,7,6,5,10,7,4
657,C,1,0,1,1,0,6,7,6,8,7,6,14,0,8,4,10
674,Y,3,7,5,5,2,7,10,2,2,7,12,8,1,11,0,8
676,A,3,9,6,7,4,11,3,2,2,9,2,9,3,4,3,8
684,Y,4,6,6,4,3,9,10,1,7,3,11,8,1,11,1,9
687,A,4,9,6,7,4,10,3,2,2,8,2,10,4,4,3,8
702,Y,4,5,6,6,6,9,9,6,4,7,7,7,5,11,6,4
709,Y,3,10,5,8,2,8,10,1,3,6,12,8,1,11,0,8
720,A,3,5,5,5,4,9,8,3,4,6,8,7,4,10,4,5
733,A,3,10,6,8,4,12,2,3,3,10,2,9,2,6,4,8
736,Y,3,8,5,6,3,5,9,1,6,8,12,10,1,11,2,8
738,Y,2,4,4,6,1,5,10,3,2,8,13,8,2,11,0,8
750,A,1,1,3,2,1,6,2,2,1,6,2,7,1,6,2,6
753,Y,2,7,4,5,2,8,10,1,6,5,11,8,1,11,1,8
770,A,2,3,3,2,1,8,2,2,1,6,2,8,2,7,2,7
775,Y,1,0,1,0,0,7,10,3,1,7,12,8,1,11,0,8
784,Y,10,12,8,7,5,6,8,4,5,10,7,4,3,9,5,4
790,A,3,3,5,4,1,9,3,3,2,8,2,9,3,6,2,8
791,A,2,4,4,5,1,8,6,3,1,7,0,8,2,6,1,8
801,C,4,8,5,6,2,5,9,8,8,13,9,6,2,10,2,6
802,Y,3,3,4,2,1,4,11,2,7,11,10,5,1,11,2,5
814,A,3,6,5,4,2,9,2,2,2,7,1,8,2,7,3,7
816,C,1,1,2,1,1,6,8,6,6,8,7,12,1,9,3,10
825,Y,7,9,7,7,4,3,10,2,7,11,11,7,1,11,2,5
826,C,3,6,4,4,2,6,7,5,6,11,8,12,1,9,3,9
836,C,6,14,5,8,4,7,8,4,3,9,8,10,4,9,9,11
855,C,7,10,5,5,2,6,10,6,7,12,8,8,2,9,5,8
857,C,4,10,5,8,2,5,7,7,10,7,5,14,1,9,4,9
860,C,2,4,3,3,2,6,8,7,8,8,7,13,1,9,4,10
862,Y,8,11,8,8,4,2,11,3,6,12,12,7,1,11,2,5
863,C,3,6,4,4,4,8,6,5,2,7,7,10,6,9,4,7
864,Y,4,11,6,8,3,10,10,1,3,6,12,8,1,11,0,8
891,Y,2,1,4,2,1,6,10,2,7,8,11,8,1,11,2,7
892,C,3,3,4,5,1,5,7,6,9,6,6,12,1,8,4,8
893,A,3,4,5,6,2,8,5,3,1,7,1,8,2,7,2,8
899,C,4,7,5,5,5,6,7,4,4,7,7,10,6,9,3,8
900,Y,4,10,6,7,1,6,10,3,2,8,13,8,1,11,0,8
931,Y,5,10,7,8,6,8,6,7,5,5,8,8,3,8,10,6
945,A,4,9,6,7,3,11,2,4,3,10,2,9,3,7,3,8
959,A,7,15,5,8,4,10,3,3,2,8,4,11,5,5,4,8
968,C,5,8,7,7,6,5,7,3,4,7,6,11,4,10,7,10
979,C,4,9,5,8,6,5,7,3,4,7,6,11,4,10,7,10
987,C,4,4,5,6,2,6,6,7,11,8,5,12,1,9,4,9
992,A,1,3,2,2,1,9,3,2,1,8,2,9,1,6,1,7
1004,Y,2,7,3,5,2,5,10,2,2,8,12,8,1,11,0,8
1015,A,6,14,6,8,4,12,2,3,2,12,4,11,4,4,4,11
1017,Y,4,7,6,5,2,9,11,1,7,3,11,8,1,11,2,9
1022,Y,3,5,4,4,2,4,10,1,8,10,10,6,1,10,3,4
1024,A,3,6,5,4,3,11,2,2,2,9,2,9,2,6,3,8
1028,A,3,6,5,4,1,7,5,3,1,6,1,8,2,7,2,7
1031,A,4,10,7,7,5,7,5,2,3,5,2,6,3,7,4,4
1042,A,2,7,4,5,2,12,2,4,3,11,2,9,2,6,3,9
1043,A,3,4,6,6,2,9,3,3,3,8,2,9,3,6,3,9
1044,C,4,7,5,5,3,6,7,6,9,8,4,10,1,10,4,10
1059,C,7,10,7,7,4,6,7,6,8,13,8,12,3,11,5,5
1063,A,7,13,7,7,4,12,3,6,2,12,2,10,5,3,4,10
1065,C,3,7,4,5,2,5,8,6,7,7,6,12,1,9,4,10
1078,A,3,7,5,5,3,11,2,2,2,9,2,9,3,6,3,9
1092,C,4,5,5,7,2,5,7,7,10,7,6,13,1,8,4,8
1094,C,8,13,5,8,2,8,6,7,7,12,5,9,2,10,5,9
1126,C,2,6,3,4,2,7,8,8,7,10,6,11,2,11,4,9
1139,Y,2,7,4,5,2,5,9,1,6,9,12,9,1,11,2,7
1140,A,3,3,5,4,1,8,6,3,1,7,1,8,2,7,1,8
1149,C,5,8,7,6,6,6,5,4,4,9,6,12,6,8,4,9
1154,Y,1,1,2,1,0,7,10,2,2,7,12,8,1,11,0,8
1155,Y,2,4,3,3,1,3,12,3,6,12,10,5,1,11,2,5
1159,C,5,11,6,9,3,4,9,7,8,13,11,12,2,9,3,7
1167,Y,2,1,2,1,0,7,10,2,2,7,12,8,1,11,0,8
1171,C,2,1,2,2,0,6,7,6,9,7,6,15,0,8,4,10
1173,Y,2,6,3,4,0,6,10,2,2,8,12,8,1,10,0,8
1178,C,5,7,5,5,3,3,8,5,7,11,10,13,2,9,3,7
1197,Y,3,10,5,7,1,8,11,1,3,6,12,8,1,11,0,8
1199,Y,4,4,5,6,7,8,8,3,2,7,8,9,4,11,7,7
1205,Y,6,10,8,8,7,9,7,7,4,6,9,7,3,9,9,4
1228,A,2,1,3,2,1,8,2,2,1,7,2,8,2,7,2,7
1238,C,5,10,5,8,3,6,8,7,7,13,7,9,2,11,3,7
1247,Y,3,10,5,7,3,7,10,2,6,6,12,9,2,11,2,8
1265,A,1,3,2,2,1,10,2,2,1,9,2,9,1,6,2,8
1273,Y,3,8,5,6,2,5,10,3,2,8,12,8,1,11,0,8
1278,Y,6,8,8,10,10,10,10,6,3,6,7,7,6,11,8,3
1286,Y,6,9,6,7,4,5,9,0,8,8,9,5,1,11,4,5
1300,A,2,6,4,4,1,8,5,3,1,7,1,8,2,7,2,8
1308,C,6,11,6,8,3,4,8,6,8,12,10,13,1,9,3,7
1326,A,1,0,2,0,0,8,4,2,0,7,2,8,1,6,1,8
1330,A,3,6,5,4,2,11,2,4,2,10,2,10,2,7,3,8
1339,C,2,2,3,4,2,6,8,7,7,8,8,13,1,9,4,10
1350,A,4,12,7,8,3,7,4,3,2,6,1,8,3,7,3,7
1355,C,3,4,4,6,1,5,6,7,9,6,5,13,1,8,4,9
1363,C,3,2,4,4,2,5,8,7,7,9,8,13,1,9,4,10
1368,C,4,7,5,5,2,7,7,6,7,12,7,11,2,10,3,8
1371,Y,4,7,4,5,2,4,9,2,6,10,11,6,1,11,2,5
1388,A,4,11,6,8,4,8,3,2,3,6,1,8,2,7,3,7
1397,A,2,4,4,3,2,9,2,2,1,8,2,9,2,7,2,8
1398,C,7,11,8,8,5,4,8,6,7,12,9,11,2,11,3,7
1402,Y,9,9,7,13,5,7,11,2,3,9,10,5,4,10,6,8
1408,Y,3,8,5,6,1,6,9,3,1,8,13,8,2,11,0,8
1432,Y,3,9,6,6,1,5,11,3,2,10,12,7,1,11,0,8
1435,Y,7,9,5,13,4,5,11,2,4,11,10,6,4,11,6,7
1436,A,3,9,5,6,3,9,3,2,3,7,1,8,2,6,2,7
1440,A,5,8,8,7,7,8,7,2,5,7,8,8,5,10,3,6
1443,A,2,4,3,2,1,8,2,2,2,8,2,8,2,6,2,7
1445,Y,2,3,4,4,0,7,10,2,2,8,12,8,1,11,0,8
1467,Y,4,10,6,8,2,5,11,1,4,9,11,8,0,10,0,8
1476,A,7,12,6,6,3,9,0,3,2,9,4,12,3,5,4,6
1478,Y,1,1,2,1,0,7,10,2,2,7,12,8,1,11,0,8
1480,Y,5,8,5,6,2,3,13,4,6,13,11,4,1,11,2,5
1487,C,1,3,2,1,1,5,9,4,6,11,8,10,1,9,2,8
1493,A,3,6,4,4,2,8,2,2,2,7,2,8,2,6,3,7
1505,A,1,0,2,1,0,8,4,2,0,7,2,8,2,7,1,8
1517,C,4,6,4,4,2,3,9,5,8,10,10,12,1,8,3,7
1520,C,4,7,5,5,2,4,9,6,8,12,10,12,1,9,3,7
1533,A,1,0,2,0,0,7,4,2,0,7,2,8,1,6,1,8
1534,C,5,7,5,5,3,5,8,6,8,12,9,13,1,9,3,7
1550,C,3,10,5,8,4,5,8,7,6,9,8,14,2,9,4,10
1552,C,4,9,6,6,7,7,7,4,3,6,7,10,8,10,6,6
1561,A,2,5,4,3,2,10,2,3,2,10,2,9,2,6,2,8
1594,A,4,9,5,6,4,7,5,3,0,6,1,8,2,7,1,7
1604,A,3,9,5,7,3,13,3,3,2,11,1,8,2,6,3,9
1608,C,5,4,6,6,2,6,7,7,11,7,6,14,1,8,4,9
1617,C,3,7,4,5,2,3,8,5,8,9,9,13,1,8,3,7
1619,C,3,7,4,5,2,3,9,6,7,11,11,11,1,8,2,6
1623,A,5,10,8,8,5,11,3,1,2,8,2,9,4,6,3,8
1665,C,6,11,7,8,4,5,8,8,9,9,9,13,2,9,4,9
1670,C,7,11,7,8,4,5,7,6,8,12,9,14,2,10,4,7
1679,C,6,8,8,7,7,5,7,4,5,7,6,11,4,9,8,9
1683,Y,5,10,7,8,3,7,10,1,3,7,12,8,1,11,0,8
1688,Y,1,3,2,2,1,6,11,1,7,8,11,9,1,11,2,8
1691,C,8,12,5,7,3,5,10,6,8,11,8,8,1,8,6,8
1693,A,3,9,5,7,3,9,3,2,2,8,1,8,2,6,3,7
1697,C,5,4,6,7,2,7,6,7,11,9,5,13,1,9,4,8
1700,A,4,6,6,5,5,8,8,3,5,7,8,7,5,10,4,6
1701,A,3,8,5,6,3,7,5,3,0,7,1,8,2,7,1,8
1702,A,3,11,6,8,4,12,2,2,2,9,2,9,2,6,3,8
1713,C,7,10,9,8,6,7,7,8,7,6,7,8,5,6,5,9
1716,A,2,4,3,3,1,10,2,3,2,10,2,9,2,6,2,8
1729,C,0,0,1,0,0,6,7,5,7,7,6,14,0,8,3,10
1737,C,2,6,3,4,2,6,8,8,8,9,8,13,1,9,4,10
1750,C,3,7,5,5,5,5,7,3,4,7,6,10,5,10,3,8
1779,Y,3,9,5,6,2,9,11,1,3,5,11,8,1,10,0,8
1780,A,3,8,5,5,2,7,5,3,1,6,1,8,2,7,2,7
1803,C,2,4,3,3,2,6,8,7,7,8,7,13,1,9,4,10
1814,Y,4,7,6,5,3,9,10,1,7,3,11,8,1,11,2,9
1825,A,3,9,6,6,3,11,3,2,2,9,2,9,3,5,3,8
1840,C,4,9,6,7,4,5,8,6,6,8,8,15,3,10,4,9
1857,A,2,2,4,3,2,8,2,2,2,8,2,8,2,6,3,7
1863,Y,6,11,9,8,8,8,4,6,5,8,7,8,6,8,8,3
1866,A,3,11,5,8,4,12,3,3,3,10,1,9,2,6,3,8
1871,Y,4,5,5,7,5,10,11,5,4,5,8,8,5,10,9,5
1877,C,4,9,5,6,3,4,8,5,6,12,10,12,2,9,2,7
1895,C,9,12,7,7,5,7,9,4,5,9,8,9,4,9,8,11
1902,A,3,11,6,8,2,8,6,3,1,7,0,8,3,7,2,8
1908,C,2,5,3,4,2,6,8,7,7,8,8,13,1,9,4,10
1912,C,3,4,4,3,2,4,8,4,6,11,10,12,1,9,2,7
1915,Y,2,3,3,4,0,8,11,1,3,5,11,8,0,10,0,8
1916,C,3,5,4,3,2,4,8,5,8,11,9,13,1,9,3,7
1926,Y,6,11,6,8,3,4,10,2,7,10,11,6,1,11,3,4
1941,C,9,14,7,8,5,7,6,4,4,9,8,11,4,9,9,11
1944,C,5,5,6,8,2,6,7,7,10,8,6,15,1,9,4,9
1949,C,2,1,2,1,1,6,7,6,9,7,6,13,0,8,4,9
1951,A,3,8,6,6,4,8,5,2,4,6,2,6,2,6,2,6
1954,A,6,9,6,5,3,13,0,5,1,12,3,11,2,3,2,10
1964,A,3,8,5,6,3,11,2,3,3,10,2,9,2,6,3,8
1966,C,5,8,6,6,2,6,7,7,10,6,6,15,1,8,4,9
1969,Y,5,6,5,4,3,5,9,1,7,9,10,6,1,11,3,5
1971,Y,9,9,7,13,5,7,8,4,3,6,11,5,5,10,6,6
1972,Y,4,5,5,4,2,4,11,2,7,11,10,6,1,11,2,5
1992,C,1,0,1,1,0,7,7,5,7,7,6,14,0,8,4,10
1995,A,2,6,5,4,3,6,5,1,3,5,2,7,2,6,3,4
2000,A,5,12,5,6,3,14,0,4,2,12,3,11,2,4,2,10
2003,C,7,10,7,7,4,4,10,7,8,12,10,9,2,10,3,6
2017,Y,5,8,5,6,3,5,9,1,8,9,9,5,1,11,3,4
2023,A,1,0,2,1,0,7,4,2,0,7,2,8,2,7,1,8
2027,A,3,10,6,7,4,11,3,2,2,9,2,9,3,7,3,9
2030,Y,3,4,5,6,1,7,12,2,3,8,12,8,1,10,0,8
2038,C,3,2,4,4,2,6,8,7,8,9,8,13,1,9,4,10
2045,Y,6,12,5,6,3,4,9,4,2,10,9,6,3,9,3,4
2046,Y,3,5,5,4,2,7,10,1,7,7,11,8,1,11,2,8
2052,C,2,0,2,1,1,6,7,6,10,7,6,14,0,8,4,9
2055,Y,6,8,8,11,12,8,8,4,2,7,8,9,4,12,9,8
2062,C,5,11,6,8,5,5,8,8,7,10,8,13,2,11,4,10
2064,C,4,7,5,5,2,6,7,6,10,6,6,12,1,7,4,8
2073,A,2,1,3,1,1,7,4,2,0,7,2,8,2,6,2,8
2077,C,3,8,4,6,3,5,8,6,6,9,8,14,1,9,3,10
2094,Y,4,10,6,7,1,8,10,2,2,6,13,8,1,11,0,8
2100,Y,4,8,4,6,2,3,12,4,5,12,12,6,1,11,2,6
2110,C,5,9,6,7,3,4,8,6,9,12,9,12,1,9,3,7
2113,C,3,2,4,3,2,6,8,7,7,9,8,12,2,10,3,9
2119,C,5,9,5,7,4,4,8,5,6,11,9,14,2,9,3,7
2124,Y,5,9,5,6,3,3,10,2,7,11,11,6,1,11,2,5
2137,Y,8,10,6,15,5,4,9,3,1,9,10,5,4,10,7,5
2178,Y,6,9,6,4,3,7,7,4,4,9,8,6,4,10,4,4
2181,A,4,11,7,8,6,7,5,1,4,5,2,6,5,6,6,6
2202,C,5,8,6,6,2,3,10,5,8,12,11,10,1,8,2,6
2205,A,6,11,8,9,8,7,7,8,4,8,5,8,4,8,10,1
2212,A,2,7,4,5,3,12,3,2,2,9,2,9,3,7,3,9
2214,C,2,1,2,2,1,6,8,7,7,9,7,12,1,10,4,10
2218,C,3,8,4,6,3,5,7,6,7,7,5,11,1,8,4,10
2219,A,7,9,10,8,8,6,8,2,4,7,7,9,8,6,4,8
2220,Y,3,5,5,8,1,6,10,2,2,7,13,8,2,11,0,8
2226,Y,8,10,7,5,4,8,6,4,6,9,6,5,4,10,4,6
2232,A,3,8,5,5,2,7,5,3,1,7,1,8,2,7,2,7
2238,A,4,9,7,7,4,8,2,2,3,6,1,7,2,7,3,7
2243,C,3,2,4,4,2,6,8,7,7,8,7,13,1,9,4,10
2250,A,4,10,7,7,2,7,5,3,1,7,1,8,3,7,2,8
2251,A,2,8,4,6,2,12,3,3,2,10,1,9,2,6,2,8
2256,C,7,10,8,8,5,3,7,5,7,11,10,14,2,9,3,7
2265,A,6,9,5,4,2,11,3,3,1,9,4,11,4,5,4,9
2274,C,6,11,6,8,4,5,8,7,8,12,9,12,2,10,4,6
2278,Y,7,6,6,9,4,6,8,4,2,7,10,5,4,10,5,6
2284,A,8,14,8,8,6,9,4,5,4,10,6,12,9,2,7,11
2297,Y,4,5,5,7,7,9,6,6,3,7,7,8,7,8,6,4
2299,Y,4,4,5,6,5,9,9,5,3,7,7,7,5,10,6,4
2308,A,3,9,5,7,3,11,3,2,2,9,2,9,3,5,3,8
2309,C,2,2,3,3,2,6,8,7,8,8,7,13,1,9,4,10
2313,Y,3,5,5,8,6,7,10,3,3,7,8,9,4,10,9,5
2321,C,3,8,4,6,3,5,7,6,8,5,6,12,1,7,4,10
2326,C,6,11,7,8,5,5,8,7,6,8,8,15,4,9,6,6
2335,C,7,11,8,8,5,5,7,5,7,12,9,13,4,11,5,5
2339,C,6,9,8,8,8,5,7,3,5,7,6,11,4,11,8,8
2363,A,2,4,3,3,1,11,3,3,2,11,2,9,2,6,2,9
2373,A,3,9,5,7,3,11,4,2,2,8,2,9,3,5,3,8
2405,A,3,5,5,3,2,10,2,2,2,10,2,9,2,6,2,7
2408,A,3,9,5,7,3,10,2,2,2,8,1,8,2,7,3,8
2431,Y,7,10,7,7,3,2,11,5,6,13,13,7,2,11,2,6
2441,C,2,3,2,2,1,4,9,5,6,12,9,10,1,9,2,7
2442,A,5,9,9,7,6,5,5,2,4,3,2,7,6,7,7,2
2444,C,9,14,6,8,3,7,8,7,7,11,6,7,2,9,6,8
2446,Y,2,4,4,5,1,8,10,2,2,6,12,8,1,11,0,8
2450,A,3,8,6,5,2,6,5,3,0,6,1,8,2,7,2,7
2453,Y,9,12,8,7,5,6,6,5,4,9,9,6,5,11,4,6
2456,A,3,9,5,7,4,9,3,2,2,7,2,8,2,6,3,6
2464,C,5,9,6,7,4,4,8,7,8,7,8,14,2,8,4,10
2469,Y,4,6,6,8,1,7,11,2,3,7,12,8,1,11,0,8
2470,A,3,7,5,5,3,8,2,2,2,7,1,8,2,7,3,7
2474,Y,3,6,5,8,1,10,11,2,4,4,12,8,0,10,0,8
2478,C,3,7,5,6,5,5,8,3,5,7,7,11,3,9,6,10
2491,A,2,6,5,4,3,5,5,2,2,4,2,7,2,6,3,3
2494,Y,3,9,5,6,1,8,10,3,2,6,13,8,2,11,0,8
2495,A,3,9,6,7,4,13,3,3,3,11,1,9,2,6,2,9
2501,A,2,3,3,2,1,10,2,2,1,8,2,9,1,6,1,8
2512,A,2,7,4,5,3,11,3,2,2,9,2,9,2,6,3,8
2539,Y,7,10,7,7,3,4,10,2,8,11,11,6,1,10,3,3
2540,A,5,6,7,5,5,8,8,3,4,7,8,8,5,9,3,6
2543,C,7,11,5,6,2,7,7,7,7,12,6,9,2,9,5,9
2545,A,3,4,5,3,2,10,2,2,2,8,2,9,4,5,2,9
2546,A,3,6,6,4,4,8,5,2,4,7,2,6,2,6,4,6
2553,Y,5,7,7,10,10,8,8,4,2,7,8,9,4,11,9,8
2563,A,3,9,5,7,3,11,3,3,4,11,2,9,2,6,3,8
2570,Y,4,7,5,5,5,9,6,5,4,7,8,7,3,9,8,4
2571,Y,7,6,6,9,3,6,12,2,3,10,10,6,4,11,5,7
2575,C,7,10,8,8,5,5,8,6,7,12,9,12,3,11,4,6
2577,A,2,3,4,4,2,8,3,1,2,7,2,8,2,6,2,7
2602,A,3,10,6,7,2,7,3,3,3,7,1,8,3,6,3,7
2604,Y,2,1,2,1,0,7,10,2,2,7,12,8,1,11,0,8
2605,Y,5,5,7,8,8,8,8,7,3,7,7,8,6,10,6,4
2619,Y,7,9,6,5,3,4,7,5,3,9,11,6,4,10,3,4
2626,A,2,3,3,1,1,8,2,2,1,7,2,8,2,6,2,7
2631,C,7,9,7,7,4,4,7,5,7,11,9,14,3,10,4,7
2638,Y,5,8,5,6,3,5,8,0,8,9,9,6,1,10,3,4
2639,A,5,10,7,8,4,9,2,3,3,8,1,8,2,7,4,8
2658,C,3,9,4,6,3,5,8,8,7,10,8,12,2,11,4,10
2660,A,2,6,4,4,1,7,5,3,1,6,0,8,2,7,1,7
2674,Y,6,8,6,6,2,2,12,4,6,13,12,6,1,11,1,6
2690,Y,4,7,6,10,9,9,7,6,3,7,7,8,7,10,6,4
2702,C,7,10,7,8,5,5,7,5,7,12,8,13,4,9,5,6
2707,A,7,9,9,8,8,5,8,3,5,7,8,10,8,8,4,8
2718,C,4,8,5,6,3,5,8,6,6,8,8,15,3,10,4,10
2727,Y,7,6,5,9,4,7,11,2,3,8,10,5,3,9,5,7
2740,Y,3,9,5,6,1,6,12,2,3,9,12,8,1,10,0,8
2742,A,2,4,4,5,2,7,4,3,1,7,1,8,2,7,2,8
2744,A,4,7,5,5,3,8,2,2,2,6,2,8,2,6,3,6
2747,A,4,6,6,5,5,8,8,2,4,7,8,8,5,8,4,6
2752,A,4,6,5,6,5,7,9,2,4,7,7,9,7,7,3,8
2756,A,5,7,6,5,6,8,7,7,4,7,6,8,2,8,8,3
2788,C,2,1,3,2,1,6,8,7,7,8,7,13,1,9,4,10
2793,C,3,6,5,5,4,5,6,3,4,7,6,11,4,10,7,8
2799,C,5,10,6,8,2,6,7,7,11,6,6,13,1,8,4,8
2801,A,3,9,4,6,3,9,5,2,0,8,1,8,2,6,1,8
2802,A,4,7,5,5,5,7,7,6,3,7,6,8,2,7,8,3
2805,Y,6,11,9,8,5,6,9,1,7,6,12,9,2,11,2,8
2815,A,4,9,4,4,3,10,3,4,2,10,5,11,5,4,4,10
2853,C,8,15,5,8,3,7,7,8,8,12,7,10,2,9,5,9
2854,C,3,3,4,4,1,6,7,7,9,7,6,13,1,9,4,9
2867,A,1,1,2,1,1,7,3,2,1,6,2,8,1,6,1,7
2872,Y,6,9,5,4,2,5,9,4,4,11,9,6,4,10,4,4
2880,C,6,12,5,6,4,8,6,4,3,9,8,11,4,9,7,11
2886,Y,1,1,2,2,1,7,11,1,6,7,11,8,1,11,1,8
2887,Y,5,7,6,9,9,8,8,7,3,7,7,8,9,11,6,4
2899,A,6,11,8,8,8,8,9,8,5,6,6,8,3,7,8,4
2908,Y,3,5,4,7,6,7,9,3,2,7,7,8,3,11,7,6
2913,Y,6,9,5,4,3,6,8,3,4,10,8,5,3,10,4,4
2921,A,4,5,7,7,2,7,6,3,0,7,0,8,3,7,1,8
2924,C,2,1,2,1,0,6,7,6,9,7,6,14,0,8,4,10
2929,Y,4,5,5,8,7,10,8,5,3,7,7,7,6,10,8,4
2936,Y,5,6,6,9,6,10,12,5,4,6,7,7,6,11,8,6
2938,A,2,8,4,5,2,6,5,3,1,6,1,8,2,7,2,7
2941,Y,7,9,7,7,3,4,11,2,8,12,11,5,1,10,2,4
2943,C,5,4,6,7,2,5,7,7,11,7,5,12,1,9,4,8
2956,C,1,3,2,1,1,5,9,4,6,11,9,11,1,9,2,8
2957,C,4,9,5,6,4,5,8,7,6,9,8,14,2,10,4,10
2983,Y,4,7,6,5,3,8,10,1,6,4,11,9,2,11,2,8
2986,A,5,11,8,8,5,11,2,3,3,9,2,9,5,7,4,9
2987,C,1,0,2,0,0,7,7,6,8,7,6,13,0,8,4,10
2989,A,3,6,5,5,4,9,7,3,5,7,8,6,4,10,3,5
2996,A,1,3,2,1,1,9,3,2,1,8,2,9,1,6,0,8
3002,A,3,7,5,5,3,11,2,3,2,10,2,9,2,6,3,8
3004,Y,3,7,5,5,2,7,10,1,2,7,12,8,1,11,0,8
3026,A,2,4,4,3,2,9,2,2,2,8,2,9,1,6,1,7
3033,Y,3,6,5,9,8,8,6,4,1,7,8,9,7,10,8,8
3036,Y,2,1,3,1,0,7,10,3,1,7,13,8,1,11,0,8
3046,A,2,1,3,3,1,7,2,1,2,6,2,7,2,5,2,8
3059,A,1,3,2,2,1,10,2,3,1,9,2,9,2,6,1,7
3071,C,6,11,6,8,4,2,9,5,7,11,11,13,1,8,2,7
3090,A,7,12,7,7,4,12,1,4,1,11,4,12,5,4,4,11
3095,A,3,11,5,8,4,12,3,2,2,9,2,9,2,6,2,8
3098,Y,2,5,4,3,2,7,10,1,7,7,11,8,2,11,2,8
3099,C,2,2,3,4,2,6,8,8,7,9,8,12,1,10,4,10
3101,C,5,9,6,8,7,6,7,5,5,6,7,12,6,9,8,10
3102,Y,1,1,3,2,1,8,11,1,6,6,10,8,1,11,1,8
3103,Y,3,6,5,4,1,6,10,3,2,8,13,8,2,11,0,8
3119,C,2,5,3,3,2,6,8,7,7,9,7,12,2,9,4,10
3124,C,1,0,2,1,0,6,7,6,8,7,6,14,0,8,4,10
3128,C,6,9,8,7,5,7,7,8,6,8,5,11,4,9,4,8
3133,Y,2,7,3,4,0,7,11,1,3,8,12,8,1,11,0,8
3138,Y,5,10,8,8,5,8,10,1,7,4,11,8,1,11,2,8
3139,A,1,3,3,2,1,8,3,2,2,7,2,8,2,6,2,7
3144,A,6,11,6,6,4,10,2,4,2,11,5,12,5,4,6,10
3146,C,4,7,5,5,2,4,9,6,8,13,11,10,1,9,2,6
3147,C,5,8,5,6,3,6,7,5,6,12,8,13,3,9,4,7
3151,C,3,7,4,5,2,6,8,8,8,9,7,12,1,10,4,9
3152,Y,4,10,6,8,3,7,10,1,7,7,12,8,1,11,2,8
3159,Y,3,5,5,8,7,8,7,4,2,6,8,9,4,11,7,8
3190,C,5,5,6,7,2,5,7,7,11,7,6,12,1,8,4,9
3201,Y,3,9,5,6,1,7,12,1,3,7,12,8,1,10,0,8
3206,C,4,9,5,6,3,5,7,6,8,5,7,12,1,7,4,9
3216,C,3,4,4,3,2,6,8,7,7,9,8,12,2,10,3,9
3225,A,2,4,4,2,2,11,2,2,1,9,2,9,2,7,2,9
3227,C,5,8,6,6,2,6,6,7,11,8,5,12,1,9,4,8
3236,Y,3,10,5,7,1,7,10,1,3,7,12,8,1,11,0,8
3268,C,3,7,4,5,3,6,8,7,7,10,8,13,2,10,4,10
3274,C,4,4,5,7,2,7,6,7,10,9,5,13,1,10,4,9
3276,Y,5,9,5,6,3,3,11,3,7,12,11,6,1,10,2,5
3280,C,2,3,2,2,1,4,8,4,6,11,10,11,1,9,2,7
3282,C,9,13,6,8,3,6,9,7,7,11,7,6,2,9,6,8
3286,Y,7,9,7,7,4,5,8,2,8,8,10,5,5,11,6,3
3319,C,3,5,4,4,2,6,7,7,8,8,8,13,1,9,4,10
3349,C,4,8,5,6,3,5,8,8,8,8,8,14,1,9,4,9
3361,A,6,12,6,6,3,13,1,5,2,12,2,10,2,3,2,10
3368,C,1,3,2,2,1,6,8,7,7,8,7,13,1,9,4,10
3375,Y,7,15,6,8,4,5,8,4,3,10,9,6,4,10,4,4
3413,C,6,11,7,8,4,6,7,10,9,10,7,11,2,12,4,9
3415,C,2,2,3,4,2,6,8,7,7,8,8,13,1,9,4,10
3426,Y,6,9,6,4,3,6,6,4,4,9,9,6,4,10,3,5
3436,Y,3,7,5,5,4,8,6,6,5,5,8,8,2,8,9,5
3452,C,2,3,3,1,1,5,8,4,6,11,9,11,1,9,2,8
3454,C,5,9,6,6,3,5,9,7,8,5,8,14,2,7,5,8
3458,C,6,9,8,7,8,6,6,4,5,7,6,10,6,9,4,8
3461,C,6,8,6,6,3,5,7,6,8,11,8,14,2,10,4,7
3468,A,1,3,2,1,1,9,3,1,1,8,3,9,1,6,1,8
3471,Y,6,9,8,7,7,9,7,6,5,5,9,7,3,8,9,5
3474,Y,2,1,3,2,1,9,10,1,6,5,11,7,1,11,2,8
3476,C,4,8,5,6,3,5,7,6,9,6,7,13,1,7,4,9
3478,C,3,5,4,5,4,5,7,3,4,7,6,11,4,9,7,9
3479,A,3,5,5,3,2,8,2,2,2,8,2,8,2,6,3,7
3481,C,4,6,5,5,5,5,6,3,5,7,6,11,4,10,6,10
3504,C,4,8,6,6,5,5,6,4,5,8,6,11,6,9,4,8
3505,C,5,9,5,7,3,5,8,6,8,12,9,12,2,10,3,7
3510,A,2,7,4,5,2,12,4,4,3,11,1,8,2,6,2,8
3525,C,3,8,4,6,2,6,7,7,10,6,6,14,1,8,4,9
3545,Y,3,5,5,4,2,4,10,1,8,10,10,5,3,11,5,3
3557,A,2,6,4,4,2,11,3,3,2,10,1,9,2,6,2,8
3578,C,3,2,4,3,2,6,8,7,7,9,8,13,1,9,4,10
3601,Y,4,5,5,4,2,4,10,2,8,11,10,5,3,10,4,3
3602,C,5,6,5,4,2,5,9,6,8,12,9,10,2,9,3,7
3607,A,1,0,2,0,0,7,4,2,0,7,2,8,1,7,1,8
3622,C,4,8,5,6,2,5,7,7,10,7,5,12,1,9,4,9
3626,C,5,9,6,6,5,7,8,8,6,6,6,11,4,8,4,8
3633,Y,4,8,6,6,3,7,10,1,7,5,11,8,1,11,2,8
3635,Y,3,4,5,5,1,6,11,2,2,9,12,8,1,10,0,8
3639,C,3,7,5,6,5,5,8,3,5,7,6,11,3,9,7,9
3646,C,3,10,4,8,3,5,7,6,8,7,5,12,1,8,4,10
3648,A,7,13,6,8,4,8,2,3,2,8,4,12,5,5,4,7
3662,A,4,9,7,7,5,6,5,2,3,4,1,6,5,7,5,4
3668,Y,4,5,5,3,2,4,10,2,8,11,10,5,1,11,3,4
3680,Y,3,8,6,6,3,9,10,1,6,4,11,8,1,11,2,9
3684,C,3,2,4,4,2,6,8,8,8,9,8,12,2,10,4,9
3703,A,3,7,5,5,4,8,5,1,3,7,2,6,2,6,4,5
3711,Y,6,8,9,12,12,7,9,3,3,7,8,9,7,13,12,5
3712,C,10,15,6,8,3,7,8,6,7,12,6,7,2,9,5,8
3721,Y,4,9,4,4,2,7,7,4,4,9,9,5,3,11,3,4
3730,Y,1,1,2,1,0,8,9,2,2,7,12,8,1,10,0,8
3733,A,3,4,5,3,2,8,2,2,2,8,2,8,2,7,3,7
3735,Y,4,10,6,7,3,7,10,1,8,6,12,8,1,11,2,8
3744,C,5,11,6,8,5,7,8,8,6,5,6,12,4,7,4,7
3756,A,5,12,5,6,3,12,2,4,2,11,3,11,4,4,4,11
3758,A,2,1,4,2,1,8,2,2,1,7,2,8,2,6,3,6
3772,A,3,7,5,4,2,8,3,3,3,7,2,8,3,6,3,8
3783,A,2,5,3,3,2,11,3,2,2,9,2,9,2,6,2,8
3786,A,3,5,5,4,2,10,2,2,2,8,2,9,3,5,2,8
3789,Y,2,8,3,6,1,9,10,1,3,6,11,8,1,11,0,8
3803,A,4,9,6,7,4,12,2,3,2,10,2,9,2,7,3,8
3808,C,2,1,2,1,0,6,7,6,9,7,6,14,0,8,4,10
3809,Y,1,0,2,0,0,7,9,3,1,7,12,8,1,11,0,8
3812,A,3,2,5,4,2,10,2,2,2,9,1,8,2,6,3,8
3817,Y,1,0,2,0,0,7,10,1,3,7,12,8,1,11,0,8
3819,Y,3,4,5,6,6,7,8,4,1,6,8,9,4,11,7,7
3825,Y,3,6,4,4,2,10,11,2,2,5,12,8,1,11,0,8
3836,Y,7,11,7,8,5,4,9,1,7,9,10,6,2,12,4,3
3841,C,8,12,5,6,2,7,8,7,7,11,7,9,2,9,5,9
3844,A,2,1,3,1,0,7,4,2,0,7,2,8,2,7,1,8
3847,Y,3,3,4,2,1,4,10,2,7,10,10,5,2,12,3,4
3912,Y,5,8,5,6,2,4,10,1,7,10,10,6,1,11,3,3
3915,Y,9,13,8,7,4,6,7,5,4,10,9,5,4,10,4,5
3923,Y,4,7,6,5,3,5,9,1,7,8,12,9,1,11,2,7
3927,Y,3,7,5,4,1,7,10,3,2,7,13,8,2,11,0,8
3936,C,4,9,5,6,3,4,8,6,6,11,10,12,2,10,3,7
3954,A,4,9,7,6,4,8,3,1,2,5,2,8,3,5,3,7
3975,C,5,11,6,8,3,4,7,7,11,7,7,12,1,7,4,8
3989,C,4,7,5,5,2,4,9,6,8,12,10,11,1,9,3,7
3996,Y,1,0,2,0,0,8,10,3,1,6,12,8,1,11,0,8
4000,Y,3,2,5,4,2,6,10,1,8,8,12,8,1,11,3,7
4011,C,4,7,4,5,3,5,8,5,6,11,9,13,2,9,3,7
4015,C,5,11,6,8,3,5,8,8,8,8,8,14,2,9,4,9
4023,C,1,3,2,2,1,6,8,6,7,7,8,12,1,9,4,10
4027,Y,3,5,4,7,6,8,8,3,1,7,7,9,4,11,6,7
4031,Y,5,6,6,8,9,9,8,6,3,7,7,8,6,10,7,4
4032,C,3,3,4,2,1,4,8,4,7,10,9,12,1,9,2,7
4035,A,3,7,4,5,3,9,4,3,1,8,1,8,2,6,1,8
4041,C,1,3,2,2,1,6,7,7,6,8,7,13,1,9,3,10
4043,C,5,11,6,9,4,6,8,9,7,10,7,11,2,11,4,9
4048,C,3,2,4,4,2,6,8,8,8,9,8,12,2,10,4,10
4049,C,2,1,3,2,1,6,8,7,8,8,8,13,1,9,4,10
4068,A,8,12,8,6,4,11,0,4,3,12,6,14,4,5,5,11
4075,Y,4,7,6,10,10,7,5,4,3,8,8,9,9,10,8,8
4080,A,3,7,5,5,3,10,2,2,2,9,2,8,2,6,4,8
4096,Y,4,9,5,6,1,7,10,3,2,7,13,8,1,11,0,8
4100,C,7,11,8,8,4,2,10,5,8,11,11,11,1,8,2,6
4101,A,4,9,6,7,4,7,5,3,0,6,1,8,2,7,1,7
4107,A,3,7,5,6,4,6,8,2,4,7,7,9,5,9,3,7
4111,Y,3,5,4,3,2,4,10,1,7,10,10,5,2,11,3,4
4114,A,1,1,2,1,0,7,4,2,0,7,2,8,2,6,1,8
4116,Y,2,7,4,4,1,9,10,2,3,6,12,8,1,11,0,8
4138,A,6,14,6,8,5,11,3,4,2,11,3,11,5,3,4,11
4154,Y,9,15,8,8,4,7,8,4,4,10,7,5,4,9,5,3
4187,A,4,8,6,6,3,13,3,4,3,11,1,8,2,6,2,9
4207,C,6,9,6,7,3,3,8,5,7,12,10,12,2,9,2,7
4208,Y,7,11,6,6,3,5,9,4,3,11,10,6,4,10,3,3
4219,C,2,5,3,3,2,6,8,7,8,8,7,13,1,9,4,10
4222,Y,1,0,2,0,0,8,10,3,1,6,12,8,1,11,0,8
4224,Y,8,14,6,8,4,7,8,4,4,9,8,5,4,10,4,4
4226,A,1,0,2,0,0,8,4,2,0,7,2,8,1,6,1,8
4242,C,5,11,6,8,2,5,7,7,10,7,6,14,1,8,4,9
4243,A,5,8,7,6,6,8,9,7,5,6,6,8,3,7,7,4
4246,A,3,2,6,4,2,10,2,2,2,9,1,8,2,6,2,8
4253,Y,5,6,6,8,8,9,7,6,3,7,8,8,7,10,6,5
4258,A,5,6,7,5,6,6,6,3,5,7,8,10,8,11,3,8
4279,Y,3,6,5,4,2,10,11,2,7,3,11,8,1,11,1,9
4294,C,3,8,4,6,2,6,8,8,7,10,8,13,2,10,4,10
4302,A,3,7,5,5,3,11,2,3,2,10,2,9,3,7,3,9
4324,Y,9,8,7,12,5,8,5,5,5,5,12,6,5,10,4,7
4346,C,5,5,6,8,2,6,7,7,10,7,6,15,1,8,4,9
4361,A,3,8,6,6,3,11,2,2,2,9,2,9,3,7,3,9
4382,A,5,10,7,8,5,8,4,3,0,7,1,8,2,7,4,8
4384,Y,2,1,3,1,0,7,10,3,1,7,12,8,1,11,0,8
4385,A,3,5,5,3,2,11,2,2,2,9,2,9,2,6,2,8
4401,Y,4,6,6,8,8,9,6,6,3,7,8,8,6,10,6,4
4402,A,2,7,4,5,2,8,3,2,2,7,1,8,2,6,2,7
4415,Y,5,8,5,6,4,4,9,1,6,9,10,7,3,11,4,4
4418,A,1,1,2,1,0,7,4,2,0,6,2,8,2,7,1,8
4420,A,3,9,5,7,4,12,2,3,3,10,2,9,3,8,4,9
4430,A,5,11,7,9,5,8,3,3,1,7,2,8,5,8,5,10
4432,C,6,10,6,7,3,4,8,6,8,12,10,12,1,9,3,7
4436,Y,5,10,5,7,3,3,10,2,8,11,11,6,0,10,2,4
4442,Y,3,7,5,5,2,4,9,1,7,10,12,9,1,10,2,7
4468,Y,7,8,7,6,3,2,12,4,6,13,11,5,1,11,1,5
4470,Y,2,3,3,2,1,4,10,2,7,10,10,5,1,11,2,4
4476,C,2,1,2,2,1,6,8,7,6,9,7,11,2,10,4,10
4484,A,4,8,6,6,4,9,5,3,0,8,1,8,2,7,1,8
4509,A,3,8,6,6,3,12,2,2,2,10,2,9,2,6,2,8
4529,C,4,5,5,5,4,6,8,3,5,6,6,11,4,9,7,9
4537,Y,7,10,6,5,4,7,6,4,4,9,8,5,3,10,4,4
4541,Y,4,11,7,8,4,7,10,1,7,6,12,9,1,11,2,8
4552,Y,4,6,6,9,7,9,10,6,3,7,7,7,6,11,6,5
4553,C,6,10,7,8,4,6,8,7,8,13,8,10,2,11,3,7
4557,C,1,0,1,1,0,7,7,5,7,7,6,13,0,8,4,10
4576,A,1,1,2,1,0,7,4,2,0,7,2,8,2,7,1,8
4583,C,4,10,6,8,4,4,9,5,6,5,7,14,4,8,5,7
4606,Y,2,3,2,2,1,4,11,3,5,11,10,5,1,11,2,6
4624,C,2,4,3,3,1,6,8,7,8,8,7,14,1,9,4,10
4625,C,2,7,3,5,2,5,8,7,7,8,8,13,2,9,4,10
4636,C,8,12,6,6,2,5,11,5,8,11,8,9,1,7,5,8
4638,Y,3,6,4,4,1,5,11,2,2,8,12,8,1,11,0,8
4640,A,3,8,5,5,2,9,6,3,1,8,0,8,2,7,1,8
4652,Y,4,9,6,7,3,8,10,1,8,5,12,8,1,11,2,8
4657,C,2,3,3,4,1,5,8,6,8,7,7,12,1,7,4,9
4660,Y,3,5,4,4,2,4,11,2,7,11,10,6,1,11,2,5
4667,Y,5,9,5,4,3,6,6,5,4,9,10,6,3,9,2,5
4682,Y,4,10,7,8,3,4,10,2,8,10,12,9,1,10,2,7
4686,Y,3,7,4,5,4,9,8,6,4,5,9,7,2,8,7,5
4698,C,3,5,5,3,2,4,8,5,7,11,10,12,1,9,2,7
4711,A,2,4,4,3,2,8,2,2,2,7,2,8,2,6,2,7
4714,Y,3,7,4,5,4,9,5,6,5,7,8,8,3,9,7,4
4724,C,3,4,4,3,1,5,9,5,7,12,9,11,1,10,3,7
4729,Y,2,3,2,2,1,4,11,2,6,11,10,5,1,10,1,5
4752,C,3,6,4,4,2,4,9,6,7,12,9,10,2,10,3,7
4767,C,6,12,4,6,2,5,10,5,8,11,8,9,2,8,5,8
4771,Y,4,4,6,6,1,7,10,3,2,7,13,8,2,11,0,8
4777,C,4,9,5,7,4,6,8,6,8,7,6,13,1,8,4,9
4796,A,2,3,3,1,1,8,2,2,1,7,2,8,2,7,2,7
4801,Y,9,15,8,8,5,5,7,4,3,9,9,6,4,9,4,4
4812,C,5,9,6,7,7,5,6,3,4,7,6,11,6,9,3,8
4822,Y,2,3,4,4,1,8,10,2,2,6,13,8,2,11,0,8
4826,C,5,10,5,7,3,3,8,5,7,11,10,13,1,9,3,8
4831,A,2,6,4,4,2,11,3,3,2,10,1,9,2,6,2,8
4841,A,5,8,8,7,7,7,7,2,5,7,9,10,5,11,3,7
4842,A,2,1,3,1,1,7,4,2,0,7,1,8,3,6,1,8
4846,Y,4,4,6,6,6,9,10,5,4,6,7,7,5,10,7,5
4860,A,5,11,9,8,7,10,5,1,5,9,1,5,3,7,4,8
4867,C,3,8,4,6,3,6,8,6,5,9,8,14,1,9,3,11
4876,Y,7,8,6,11,5,7,6,5,5,6,11,6,4,11,3,7
4878,Y,7,9,7,7,4,3,10,2,7,11,11,6,1,11,2,5
4881,Y,3,8,5,5,1,7,10,3,2,7,13,8,2,11,0,8
4887,A,4,9,6,6,2,8,4,3,1,7,1,8,3,7,2,8
4900,A,2,8,4,6,3,11,3,3,3,10,2,9,2,6,3,8
4902,Y,3,5,4,6,5,8,10,6,4,7,7,6,4,10,6,3
4905,C,2,5,3,4,2,6,8,7,7,9,8,13,1,9,4,10
4925,C,8,12,6,6,5,7,7,4,4,9,8,10,4,9,8,10
4929,C,4,5,6,8,2,6,8,7,10,5,7,13,1,7,4,9
4948,A,4,10,6,7,2,7,5,3,1,7,0,8,3,7,2,8
4959,A,4,8,6,6,6,8,8,7,4,6,6,8,3,7,7,4
4975,C,6,10,6,8,4,5,8,6,8,12,9,13,2,9,4,7
4978,Y,6,10,6,5,3,6,8,4,3,10,8,5,3,10,4,4
4995,C,6,11,5,6,3,7,8,4,3,8,8,10,4,8,7,11
5017,C,4,9,3,4,2,6,8,4,3,9,8,10,3,9,8,9
5019,A,3,7,6,5,3,11,2,3,2,10,2,9,2,6,3,9
5028,Y,5,8,7,11,11,8,8,4,2,7,8,9,4,11,8,8
5029,Y,2,2,3,3,1,7,10,1,6,7,11,9,1,11,1,8
5037,C,2,5,3,3,2,6,8,7,7,8,8,13,1,9,4,10
5041,A,3,6,5,8,2,7,5,3,1,7,0,8,3,7,2,8
5043,Y,5,7,6,5,3,4,9,1,8,10,10,6,1,10,3,4
5044,A,2,1,4,2,1,7,2,2,1,6,2,8,2,7,2,7
5045,A,3,9,6,6,4,11,3,1,2,8,2,9,2,6,2,7
5047,C,4,5,5,3,2,4,8,4,8,11,9,12,1,9,3,7
5075,Y,9,12,8,6,5,7,5,4,5,9,9,5,4,10,4,5
5078,A,2,3,4,2,1,6,2,2,2,5,2,8,2,6,2,6
5095,A,2,7,4,4,1,8,5,3,1,7,0,8,2,7,2,8
5097,Y,9,11,9,8,6,5,8,0,9,8,9,5,4,13,7,3
5109,A,4,8,5,6,3,7,5,2,0,7,1,8,2,7,1,8
5110,Y,7,9,7,6,3,4,10,2,8,10,11,5,2,13,4,3
5115,C,2,2,3,3,2,6,8,7,7,8,7,13,1,9,4,10
5116,Y,3,7,5,4,1,8,11,2,2,5,12,8,1,11,0,8
5118,C,6,11,8,9,6,7,7,8,6,6,6,13,6,8,5,7
5124,A,4,9,6,6,2,8,3,3,3,7,2,8,3,6,3,8
5140,C,6,10,6,8,4,4,7,6,6,13,10,12,2,11,3,7
5150,A,2,3,4,4,1,7,5,3,1,6,1,8,2,7,2,7
5159,A,3,9,5,7,3,13,2,4,4,12,1,9,3,6,3,10
5179,C,4,7,4,5,2,5,9,6,7,12,9,9,2,10,2,7
5195,A,5,11,5,6,4,9,4,5,3,10,6,12,7,4,6,10
5201,Y,2,3,3,5,0,7,10,1,3,7,12,8,1,11,0,8
5212,C,3,9,5,7,3,4,8,7,7,9,9,14,2,9,4,9
5221,A,2,6,4,4,2,8,2,2,2,7,2,8,2,6,3,6
5231,A,4,11,6,8,5,7,3,1,2,5,2,7,4,6,4,7
5240,C,4,7,5,5,2,6,8,6,10,6,7,12,1,7,4,8
5242,A,3,8,6,6,4,10,5,1,4,8,2,6,2,7,4,8
5244,A,3,5,5,5,4,9,8,2,4,7,7,7,4,8,4,5
5250,C,5,10,6,8,2,6,7,7,11,7,6,14,1,8,4,9
5272,A,8,12,6,6,3,10,1,2,2,10,4,12,3,5,4,8
5275,Y,0,0,1,0,0,7,10,1,3,7,11,8,1,11,0,8
5282,Y,3,4,4,3,1,4,11,2,7,11,10,5,1,11,2,5
5286,Y,4,5,5,4,2,3,11,3,6,12,11,6,1,11,2,5
5289,Y,7,10,7,8,4,4,10,2,8,10,11,6,2,10,4,3
5309,C,1,3,2,2,1,5,8,4,5,12,8,10,1,10,2,8
5326,A,4,10,5,7,4,9,4,3,1,8,2,8,2,7,2,8
5367,A,2,2,4,3,2,6,2,2,2,5,2,8,2,6,2,6
5374,Y,8,7,6,10,4,9,7,6,6,4,10,7,5,10,3,7
5381,A,2,7,3,5,2,7,4,2,0,7,2,8,1,6,1,8
5386,C,2,4,3,3,1,4,9,4,7,11,9,12,1,9,2,7
5401,Y,3,5,5,7,1,9,10,3,2,6,13,8,2,11,0,8
5404,A,5,8,7,7,6,9,7,3,4,7,7,6,5,10,4,6
5416,A,3,8,5,6,3,5,4,3,0,5,2,7,2,7,2,7
5423,A,3,2,6,4,3,8,1,2,2,7,2,8,2,7,3,7
5425,A,4,6,6,6,5,7,8,2,4,7,7,9,5,7,3,7
5437,C,2,1,3,2,1,6,7,6,7,8,7,13,1,9,4,10
5474,Y,6,6,5,9,4,7,7,4,3,6,11,6,4,11,6,6
5499,C,5,10,6,7,4,5,7,6,9,7,6,13,1,8,4,9
5501,Y,4,4,5,6,6,9,8,5,3,7,8,7,6,10,6,4
5510,Y,1,0,2,1,0,7,10,3,1,7,13,8,1,11,0,8
5528,Y,10,9,8,13,5,7,9,2,2,7,10,4,4,10,7,7
5536,A,4,10,6,8,3,10,3,2,3,9,1,8,2,7,4,9
5543,C,5,10,6,8,2,6,6,7,11,9,5,14,1,9,4,8
5548,C,7,10,7,7,5,4,8,5,7,12,9,12,2,10,4,6
5549,C,7,10,7,8,4,3,8,6,7,12,11,12,2,9,2,7
5551,A,1,1,2,2,1,7,3,2,1,6,2,8,1,6,1,7
5562,Y,2,2,4,3,2,6,10,1,7,8,12,8,2,11,2,7
5584,Y,5,10,6,7,6,9,5,7,5,6,9,7,3,9,9,4
5609,C,2,6,3,4,2,5,8,6,6,6,7,14,1,8,3,10
5614,A,5,12,5,6,4,11,2,4,2,11,4,11,5,4,5,10
5615,C,5,9,6,8,7,5,6,4,5,7,6,11,6,10,9,10
5625,A,3,2,5,4,2,8,2,2,2,8,1,8,2,6,3,7
5630,Y,4,11,5,8,3,8,11,1,3,7,12,8,1,11,0,8
5631,A,3,8,6,6,3,12,2,3,2,10,2,9,2,6,3,8
5639,Y,7,8,7,6,4,5,8,1,7,8,9,5,2,11,3,4
5642,Y,3,5,5,4,2,7,11,1,8,6,11,8,1,11,2,8
5646,Y,2,2,4,4,2,7,10,1,7,7,11,8,1,11,2,8
5656,Y,4,4,5,3,2,4,10,2,8,10,10,5,3,11,4,3
5663,C,4,7,5,5,2,5,9,7,8,8,8,14,1,8,4,9
5677,C,3,8,4,6,2,4,8,7,9,9,9,13,1,9,4,9
5683,A,7,11,5,6,3,10,1,3,1,10,4,12,3,4,4,8
5688,A,3,11,5,8,3,13,3,4,3,12,1,9,2,6,3,9
5690,Y,3,11,5,8,1,5,10,3,2,9,13,8,1,11,0,8
5692,C,4,8,6,6,6,7,7,4,4,6,7,10,7,9,5,7
5694,C,3,6,4,4,1,6,7,7,10,8,6,13,1,9,4,9
5706,C,3,1,4,3,2,6,8,7,7,8,8,13,1,10,4,10
5711,A,2,4,3,3,2,10,2,2,2,9,2,9,1,6,2,8
5722,C,4,6,5,4,2,4,9,5,7,11,10,12,1,9,3,7
5723,Y,4,6,6,8,8,9,8,4,2,6,8,9,4,11,7,8
5733,C,3,8,4,6,2,5,7,6,8,8,6,12,1,9,4,9
5742,Y,5,9,5,7,3,3,11,3,6,11,12,6,1,11,2,6
5749,A,9,15,9,8,6,11,2,5,2,11,4,11,7,2,5,11
5753,A,1,0,2,0,0,7,4,2,0,7,2,8,1,6,1,8
5781,C,3,8,4,6,2,6,8,7,10,6,7,12,1,7,4,9
5784,A,2,5,4,4,2,8,3,2,2,8,2,8,2,6,2,7
5823,A,3,2,6,4,2,8,2,2,2,6,2,7,3,7,3,7
5828,C,5,8,5,6,3,5,7,5,6,11,8,13,2,9,4,8
5832,Y,4,10,5,7,1,7,11,2,3,7,12,8,1,11,0,8
5846,Y,6,9,5,5,3,7,7,3,5,9,7,6,3,10,4,5
5850,C,4,10,5,8,2,5,7,7,10,6,6,13,1,7,4,9
5854,A,4,7,7,5,4,6,5,2,3,4,2,6,4,6,4,5
5857,A,2,8,4,5,2,7,6,3,1,6,0,8,2,7,2,7
5874,A,2,1,4,3,2,8,2,2,1,7,2,8,2,6,2,7
5885,A,3,7,5,5,5,8,8,7,4,6,6,8,2,8,6,5
5890,C,6,10,5,5,3,7,8,4,3,9,8,9,4,9,9,11
5891,A,8,13,7,7,4,11,4,3,2,8,4,10,5,5,4,9
5900,Y,5,5,6,7,6,9,11,5,4,6,7,7,5,10,7,5
5903,Y,8,10,7,6,4,8,5,3,5,8,7,6,5,9,5,5
5921,C,3,7,4,5,2,5,8,7,8,13,9,10,2,10,3,7
5928,Y,1,3,2,2,1,6,10,1,5,7,11,9,1,11,1,8
5936,C,5,9,6,6,4,7,7,8,6,6,6,11,4,8,4,9
5943,A,2,3,3,2,1,9,2,2,1,8,2,10,1,6,2,8
5948,Y,1,0,2,1,0,7,10,2,2,7,12,8,1,11,0,8
5963,C,4,8,5,6,6,7,6,3,4,8,6,11,5,9,3,8
5987,Y,3,9,5,6,1,8,10,2,3,7,12,8,1,11,0,8
6012,C,2,3,3,1,1,5,9,4,6,12,8,10,1,9,2,7
6034,Y,7,10,7,8,4,3,10,2,7,11,11,7,1,11,3,5
6036,Y,2,1,3,1,0,7,10,3,1,7,12,8,1,11,0,8
6038,C,9,13,6,7,3,6,10,6,8,11,8,8,2,8,5,9
6054,C,6,6,7,8,3,5,6,7,11,7,5,14,1,9,4,8
6062,C,3,6,5,4,3,7,7,7,6,8,6,11,3,9,4,8
6066,Y,3,4,5,5,1,7,11,2,2,9,12,7,1,10,0,8
6069,Y,7,11,8,8,6,5,8,1,7,8,9,5,5,12,6,3
6071,C,7,10,7,7,4,3,8,5,7,11,10,13,1,9,3,7
6104,C,4,9,5,6,2,5,7,7,10,6,6,13,1,7,4,9
6118,A,1,0,2,0,0,7,3,2,0,7,2,8,2,6,1,8
6128,A,2,7,4,5,2,11,3,3,2,10,2,9,2,6,2,8
6130,A,3,10,6,8,5,10,4,1,2,8,3,9,4,4,3,7
6131,C,3,10,5,7,3,4,9,6,6,6,8,14,1,8,4,10
6138,A,4,8,6,6,5,9,5,2,5,8,1,6,3,4,3,7
6150,C,3,6,4,4,2,5,8,7,7,8,8,14,1,9,4,10
6155,Y,6,8,8,10,11,9,8,7,3,7,7,8,7,10,6,4
6168,A,2,7,4,4,1,5,4,3,2,5,1,7,2,6,2,7
6170,A,2,7,4,4,1,8,4,3,2,7,2,8,3,6,2,8
6181,C,4,8,5,7,5,5,7,4,4,7,6,11,4,9,8,10
6187,Y,9,15,8,8,5,8,6,4,5,9,8,5,4,10,4,4
6197,C,3,8,5,6,3,5,7,6,8,8,5,11,1,9,4,9
6211,C,2,3,2,1,1,4,10,5,6,12,9,9,1,9,2,7
6217,C,4,6,5,6,5,7,8,5,4,6,7,11,6,9,9,11
6218,C,4,9,5,7,3,6,8,6,8,7,6,14,1,8,4,9
6223,C,4,9,5,7,3,4,8,6,7,7,8,15,1,8,4,10
6231,Y,3,4,5,5,1,8,10,3,2,6,13,8,2,11,0,8
6232,Y,4,5,5,4,2,4,12,3,7,12,10,4,1,11,2,5
6240,C,5,10,4,5,3,8,5,5,3,9,9,11,4,9,7,11
6249,Y,2,3,3,1,1,4,12,3,5,12,10,5,1,11,1,5
6251,C,6,11,5,6,4,7,7,4,3,9,8,10,4,9,8,11
6253,A,3,4,5,2,2,9,1,2,1,8,2,8,2,6,3,8
6271,C,2,4,3,3,1,6,8,7,7,8,8,13,1,9,4,10
6278,C,3,7,4,5,2,5,8,6,8,12,9,11,1,10,3,7
6285,C,2,4,3,2,1,4,9,5,7,11,9,12,1,9,3,7
6307,A,2,1,4,2,1,8,2,2,1,7,2,8,2,7,2,7
6309,A,4,7,5,5,3,8,4,3,0,6,1,8,2,7,1,7
6316,Y,7,11,7,8,4,3,10,2,7,10,12,6,2,11,3,5
6322,C,3,8,4,6,2,5,8,7,7,7,8,14,1,9,4,10
6328,Y,9,11,9,8,4,5,9,1,10,10,10,4,2,13,5,3
6355,Y,1,0,2,0,0,7,10,3,1,7,12,8,1,11,0,8
6379,A,3,11,5,8,4,12,2,3,3,10,2,9,2,6,3,8
6391,Y,6,11,6,8,3,3,10,3,7,12,12,7,1,11,3,5
6392,C,3,4,4,6,2,6,7,7,9,5,6,14,1,7,4,8
6401,C,1,3,2,2,1,6,8,4,6,11,8,12,1,10,3,8
6404,C,4,7,5,5,2,5,7,6,7,11,9,13,2,9,4,7
6409,A,3,6,5,4,2,8,4,3,0,7,1,8,2,7,1,8
6413,A,3,4,5,5,1,8,6,3,1,7,0,8,2,7,1,8
6421,C,6,9,6,7,3,4,8,6,7,12,10,12,2,10,2,7
6423,C,8,14,6,8,5,9,6,4,3,9,8,11,4,9,8,13
6431,Y,5,10,7,8,3,8,9,3,2,6,12,8,2,11,0,8
6437,Y,4,9,4,4,2,6,8,3,4,10,7,5,3,10,4,3
6443,C,8,11,8,8,4,3,9,6,8,12,11,11,1,8,3,6
6448,C,6,10,6,8,3,5,9,7,8,13,9,7,2,11,2,7
6452,A,2,0,3,1,0,7,4,2,0,7,2,8,2,7,1,8
6453,A,3,7,5,5,3,11,3,2,2,9,2,9,3,5,2,8
6454,C,6,10,7,8,4,4,8,6,7,12,10,12,2,10,3,7
6473,Y,3,3,4,2,1,5,10,2,7,11,10,4,1,11,2,5
6489,C,6,12,4,6,2,7,8,7,6,11,7,7,2,9,5,8
6500,C,3,7,4,5,3,5,8,6,6,8,8,14,2,9,4,10
6510,C,8,11,5,6,2,7,8,6,7,11,6,9,2,9,5,9
6517,C,3,8,4,6,2,5,8,8,8,9,8,13,2,10,4,10
6524,Y,2,3,4,5,1,8,11,2,3,4,12,8,1,10,0,8
6527,A,3,7,6,5,4,12,3,2,2,9,2,8,4,5,2,8
6528,A,3,7,5,5,3,7,3,2,2,5,2,8,2,6,2,6
6531,C,2,3,3,2,1,5,8,5,6,11,9,10,1,10,2,7
6547,C,3,5,4,4,2,4,8,5,7,12,9,11,1,10,2,7
6550,C,4,9,5,7,6,8,6,5,3,7,7,11,5,9,3,8
6553,C,6,10,6,8,3,3,9,6,8,12,11,11,1,8,2,6
6563,A,3,10,5,7,3,7,3,2,2,5,2,7,2,6,2,7
6564,C,6,9,6,6,3,5,7,6,8,11,8,14,2,9,4,6
6568,Y,3,7,4,5,1,8,11,1,3,6,12,8,1,11,0,8
6573,C,1,0,1,1,0,6,7,6,8,7,6,14,0,8,4,10
6579,C,3,6,4,4,1,3,9,5,7,11,11,10,2,9,2,6
6580,C,7,13,5,7,2,6,9,6,8,11,8,9,2,8,5,9
6591,C,2,5,3,3,1,4,9,5,6,11,10,11,1,9,2,7
6594,Y,1,1,3,2,1,7,10,1,6,7,11,8,1,11,1,8
6615,Y,3,2,5,4,2,5,10,1,7,9,11,9,1,11,2,7
6640,C,4,8,4,6,2,4,8,6,7,11,10,12,2,9,3,7
6656,C,4,9,5,7,3,5,8,6,8,12,9,13,2,10,3,7
6662,A,2,4,4,5,1,5,5,3,1,5,1,8,2,7,2,7
6672,Y,6,9,6,4,3,6,7,4,3,10,9,6,3,10,4,4
6688,A,5,13,5,7,4,12,2,4,1,11,3,11,4,3,4,11
6689,A,6,14,6,8,4,11,1,3,3,12,5,13,3,6,5,11
6695,Y,3,5,5,3,2,7,10,1,7,7,11,8,1,11,2,8
6697,Y,2,4,4,5,1,7,10,2,2,7,13,8,1,11,0,8
6701,Y,7,7,7,5,4,3,10,1,8,11,10,6,1,9,2,4
6705,C,2,7,3,5,1,5,7,7,9,7,6,14,1,8,4,9
6714,C,1,0,2,0,0,7,7,6,8,7,6,13,0,8,4,10
6731,C,2,5,3,4,2,6,8,7,7,8,8,14,1,9,4,10
6752,A,3,9,6,7,4,10,2,1,2,8,3,9,4,5,3,7
6756,Y,5,9,6,6,3,2,11,4,5,12,12,7,1,11,2,6
6760,A,3,7,5,5,3,8,2,2,2,7,2,7,2,6,3,6
6764,C,2,5,3,4,2,5,8,7,8,8,8,14,1,9,4,10
6767,C,4,10,5,7,3,4,8,6,6,12,10,13,1,10,3,8
6771,C,5,10,3,5,2,7,8,7,5,11,6,9,2,9,5,9
6781,Y,5,7,7,10,10,7,6,4,2,8,8,9,8,11,9,7
6792,A,4,7,6,5,3,10,1,3,3,9,2,8,3,6,4,9
6810,A,5,7,7,6,6,9,8,3,4,7,7,8,5,6,5,4
6815,Y,5,8,7,12,12,9,7,4,1,6,8,9,6,12,8,9
6824,Y,3,6,5,4,2,10,10,2,6,3,11,8,1,11,2,9
6839,Y,3,6,5,4,2,7,11,1,7,7,11,8,1,11,2,8
6846,Y,8,14,7,8,4,5,9,4,3,10,8,5,4,10,4,4
6850,Y,2,3,3,2,1,8,10,1,6,5,11,9,1,11,1,8
6857,C,3,6,4,4,2,6,8,8,8,8,8,13,2,10,4,9
6862,C,3,9,4,7,2,5,8,7,9,6,7,13,1,8,4,9
6897,A,2,2,4,3,2,7,2,2,2,6,1,8,2,6,2,7
6903,A,3,9,6,7,5,7,5,2,3,5,2,6,4,5,5,5
6908,C,6,13,5,8,4,6,8,5,4,9,8,10,4,9,10,8
6911,C,1,3,2,2,1,7,8,6,5,9,7,11,2,10,3,10
6912,C,5,8,5,6,3,4,8,5,7,11,10,13,1,9,3,8
6931,A,3,8,5,6,3,12,2,3,2,10,2,9,2,6,3,8
6935,Y,2,3,4,5,1,9,10,3,2,6,13,8,2,11,0,8
6949,Y,3,9,5,7,3,9,10,1,6,4,11,8,2,12,2,8
6951,A,3,7,5,5,3,10,2,2,2,9,1,8,2,6,3,8
6959,A,2,8,4,6,2,8,4,3,2,7,1,8,3,7,2,8
6965,C,1,0,2,1,0,6,7,6,9,7,6,14,0,8,4,10
6978,A,2,6,4,4,3,7,2,1,2,6,2,7,2,6,3,6
6986,A,3,3,5,5,2,6,3,3,3,6,2,7,3,6,3,7
6990,C,5,10,6,8,7,5,6,3,4,7,6,11,6,9,4,7
6996,Y,5,11,7,8,1,8,11,2,2,7,13,8,1,11,0,8
7004,Y,6,11,9,8,5,6,9,0,8,8,12,9,1,11,2,7
7005,C,5,10,6,8,2,4,7,7,11,7,6,12,1,8,4,9
7006,A,2,5,4,4,2,11,2,2,2,9,2,9,2,6,2,8
7020,A,4,11,6,8,4,12,3,3,3,9,1,9,2,6,3,8
7043,A,2,3,4,1,1,10,2,3,1,9,2,9,1,6,1,8
7048,A,3,9,5,7,3,12,3,4,3,10,1,9,2,7,3,9
7067,C,2,4,3,3,1,4,8,4,6,11,9,12,1,9,2,8
7075,Y,3,5,5,6,1,9,12,2,3,5,12,8,1,10,0,8
7083,Y,3,4,5,6,1,7,10,2,2,7,13,8,1,11,0,8
7085,C,5,10,6,8,4,4,9,6,7,7,8,15,1,8,4,10
7089,Y,3,8,5,5,1,9,11,3,2,5,12,8,1,11,0,8
7097,Y,3,6,4,4,0,8,10,3,2,6,13,8,1,11,0,8
7098,Y,3,7,5,4,1,7,10,2,2,6,13,8,1,11,0,8
7105,Y,2,0,2,0,0,7,10,3,1,7,12,8,1,11,0,8
7127,Y,8,11,8,8,4,2,11,4,5,13,13,8,1,11,2,6
7131,A,3,6,5,4,2,10,3,2,2,8,3,10,2,6,2,7
7142,C,2,4,3,3,1,4,8,4,7,10,9,13,1,8,2,7
7146,Y,4,7,6,9,7,10,9,5,2,6,7,8,7,11,7,5
7150,C,4,8,4,6,3,4,8,6,6,12,10,12,2,9,3,8
7173,C,4,7,5,5,3,8,7,8,6,6,7,10,3,8,3,9
7181,A,3,7,6,5,4,5,5,3,3,3,2,6,4,6,4,4
7195,A,6,10,8,8,8,7,7,8,4,7,6,8,4,8,11,2
7203,Y,4,7,4,5,1,3,12,4,5,13,11,5,1,11,1,6
7205,C,4,9,5,7,3,4,8,6,8,12,10,12,1,9,3,7
7222,A,4,9,6,7,5,8,2,1,2,6,2,7,5,6,6,7
7230,C,1,0,2,1,0,6,7,6,8,7,6,14,0,8,4,10
7238,C,4,7,4,5,2,3,8,5,7,11,11,12,1,8,2,7
7240,C,5,6,6,5,5,5,6,3,6,7,7,11,5,11,7,8
7246,C,2,5,3,4,2,6,8,7,8,9,8,13,1,10,4,10
7248,A,3,6,5,4,3,8,5,3,0,7,1,8,2,6,1,8
7253,A,2,8,4,5,2,9,5,3,1,8,1,8,2,7,2,8
7266,Y,6,8,6,6,3,2,11,3,6,12,12,6,1,11,2,5
7267,C,3,5,4,4,2,6,8,7,7,9,8,12,2,10,4,10
7273,C,5,8,5,6,3,4,8,6,7,12,10,11,1,9,2,7
7283,Y,9,10,9,8,5,3,10,3,6,12,12,7,2,11,2,5
7300,A,5,7,7,6,6,5,8,3,5,7,8,11,7,9,3,8
7301,A,6,9,9,8,8,7,8,2,4,7,7,8,6,5,5,6
7316,Y,5,7,5,5,2,3,11,3,6,12,11,5,0,10,2,5
7337,A,6,9,6,5,3,12,3,5,2,12,3,10,5,3,3,10
7364,Y,2,3,4,2,1,8,11,1,6,6,11,9,1,11,1,8
7370,Y,2,5,4,7,6,9,8,4,1,6,7,9,3,11,7,7
7375,A,2,2,4,3,2,8,2,2,2,8,1,8,2,6,2,7
7382,Y,1,1,2,1,0,8,9,2,2,7,12,8,1,10,0,8
7390,A,4,9,7,7,3,12,2,4,2,11,1,9,3,7,3,9
7399,A,3,7,5,5,3,8,2,2,2,7,2,7,2,6,3,7
7407,A,4,9,6,7,5,7,5,2,4,5,1,6,3,6,4,5
7413,A,6,11,5,6,3,8,4,3,3,7,4,11,5,6,4,7
7414,Y,2,6,4,4,2,8,9,1,6,5,11,8,1,11,1,8
7419,Y,3,5,5,7,7,9,6,4,1,6,7,8,6,10,8,9
7422,C,2,1,3,3,1,6,8,7,7,8,8,13,1,10,4,10
7423,Y,5,9,8,7,4,5,9,1,7,9,12,9,1,11,2,7
7426,A,3,4,5,3,2,10,1,3,2,9,2,9,3,6,2,8
7427,A,3,7,5,5,3,12,3,2,2,9,2,9,2,5,2,8
7434,A,5,9,5,5,3,12,2,5,1,12,3,10,3,3,2,10
7437,A,4,7,6,6,5,8,8,2,4,7,7,8,5,7,4,5
7439,Y,6,9,6,6,3,3,10,3,7,11,11,6,1,11,3,5
7459,Y,7,8,6,6,3,3,10,3,7,11,12,6,2,11,3,5
7470,Y,7,8,6,12,4,5,8,4,1,8,10,5,4,10,6,5
7471,A,3,8,5,6,3,8,3,2,2,7,1,8,2,6,3,7
7484,Y,5,6,5,4,2,3,11,3,7,12,12,6,2,11,2,5
7491,Y,5,6,5,4,2,3,12,4,5,12,11,5,1,11,1,5
7495,A,2,4,4,6,2,7,5,3,1,7,1,8,2,7,2,8
7499,C,5,9,6,6,3,3,8,5,7,11,10,14,1,8,3,7
7524,Y,4,9,5,6,5,9,4,7,5,8,8,7,5,8,5,5
7529,A,3,4,6,6,2,7,6,3,0,7,0,8,2,7,1,8
7538,Y,1,0,2,0,0,7,9,3,1,7,12,8,1,11,0,8
7539,A,3,7,4,5,2,9,3,3,3,9,1,8,2,6,2,7
7541,C,6,9,7,7,8,5,6,4,5,7,6,11,6,9,4,8
7546,C,3,7,4,5,2,4,9,6,7,12,10,11,1,10,2,7
7565,C,2,5,3,4,2,6,8,7,7,9,8,13,1,9,4,10
7567,A,4,9,7,6,3,12,2,4,3,11,1,9,3,7,3,9
7578,Y,6,9,6,6,4,5,9,1,7,8,9,5,2,11,3,4
7581,Y,3,5,5,7,6,8,8,3,2,7,8,9,3,11,7,6
7583,A,4,5,6,7,2,7,4,3,1,7,1,8,3,7,2,8
7588,C,2,4,3,3,1,6,8,7,8,7,8,13,1,8,4,10
7593,Y,5,6,5,4,2,5,9,2,8,10,10,5,2,10,4,3
7609,A,2,2,4,3,1,6,2,2,2,5,2,8,2,6,2,6
7613,A,2,5,4,4,2,11,3,3,2,10,2,9,2,6,2,8
7641,Y,4,5,5,4,2,4,11,3,6,12,11,5,1,11,2,5
7642,A,4,9,6,7,4,8,2,1,2,6,2,8,2,7,3,6
7652,Y,2,7,4,5,2,7,10,1,6,6,11,8,1,11,1,8
7658,A,2,3,4,2,1,10,2,3,2,10,2,10,2,6,2,8
7659,C,5,9,6,6,4,6,7,6,9,5,6,12,1,7,4,9
7685,C,6,12,5,6,4,7,9,4,5,8,7,9,4,8,8,10
7692,A,4,7,6,5,3,9,3,2,2,8,1,8,2,6,3,7
7694,A,3,5,6,4,2,7,1,2,2,6,2,7,4,6,4,7
7697,A,2,3,3,1,1,7,2,2,1,6,2,7,1,6,1,7
7702,C,4,9,6,7,6,5,7,4,4,7,6,9,6,9,5,7
7705,Y,4,6,4,4,2,3,10,3,6,11,11,6,2,11,2,5
7711,Y,3,10,5,7,1,7,12,1,4,7,12,8,0,10,0,8
7722,Y,4,8,6,6,3,5,10,2,8,10,12,9,1,11,2,7
7729,Y,3,4,5,3,2,9,11,1,7,5,11,7,1,11,2,8
7747,A,1,1,2,1,1,7,4,2,1,7,1,8,2,6,1,7
7750,A,2,4,4,3,1,8,2,2,2,7,2,8,2,6,2,7
7753,A,4,10,6,8,4,13,2,4,3,11,1,9,3,7,4,10
7758,Y,7,7,6,10,4,7,9,2,2,7,10,5,4,10,6,6
7763,C,4,6,4,4,2,3,9,5,8,11,10,11,1,8,3,7
7768,Y,2,3,2,2,1,4,11,3,6,11,10,4,1,11,2,5
7776,Y,4,6,4,4,2,3,11,5,5,12,12,6,2,11,1,6
7791,Y,4,11,6,8,1,6,10,2,2,7,13,8,1,11,0,8
7803,Y,4,5,6,7,1,7,12,2,3,7,12,8,1,10,0,8
7807,Y,6,8,6,6,3,4,10,2,8,11,11,5,1,10,3,4
7815,A,4,9,7,7,4,12,3,2,2,9,2,9,2,6,2,8
7848,C,4,8,5,6,4,7,7,8,5,8,6,12,4,9,4,8
7854,A,3,5,6,6,2,6,5,3,1,6,0,8,2,7,2,7
7855,A,4,9,6,6,2,6,3,3,3,6,2,7,3,6,3,7
7887,Y,3,4,5,3,2,4,10,2,8,11,10,5,2,11,3,3
7899,A,1,3,2,1,1,7,2,2,1,7,2,8,1,6,1,7
7904,C,3,7,4,5,2,5,9,6,7,12,9,9,2,10,3,7
7932,A,6,13,5,7,3,8,1,2,2,9,4,12,3,5,4,6
7933,C,1,1,2,2,1,6,8,6,7,8,8,12,1,9,4,10
7938,A,2,7,5,5,4,8,5,2,3,7,2,6,2,5,3,7
7981,Y,2,3,3,1,1,4,10,2,7,11,10,5,0,10,2,4
7995,Y,7,9,7,6,5,5,9,1,8,10,10,6,3,11,5,3
8002,A,1,3,2,1,1,11,3,3,2,10,2,9,1,6,1,8
8003,A,5,8,6,6,6,8,9,7,4,6,6,8,3,7,7,5
8009,Y,8,11,8,8,4,4,9,1,9,10,10,5,2,9,4,3
8018,A,3,11,6,8,4,12,3,3,3,10,1,9,2,6,3,8
8030,A,2,4,3,3,1,8,2,2,1,7,2,8,2,7,2,7
8044,A,4,8,6,6,6,8,9,7,5,6,6,8,3,7,7,4
8052,Y,7,9,7,7,5,6,8,1,8,8,9,5,4,11,6,4
8068,C,5,8,6,6,3,4,8,5,7,11,10,12,2,9,3,7
8071,A,2,4,4,3,2,8,2,2,2,7,2,8,2,6,2,7
8073,Y,6,7,6,5,3,2,11,4,5,12,12,7,2,11,2,6
8085,Y,3,5,4,8,6,9,10,3,3,6,8,9,3,12,6,6
8102,C,3,5,4,3,1,4,9,5,7,12,10,11,1,9,2,7
8114,A,3,8,4,6,3,6,4,2,0,6,2,8,2,6,1,7
8119,A,3,5,6,3,2,9,2,2,2,8,2,10,3,7,2,8
8122,C,5,11,7,8,8,6,7,4,4,6,7,10,7,8,7,7
8141,C,3,8,4,6,1,6,7,7,9,8,6,13,1,9,4,9
8142,A,2,1,3,2,1,9,3,2,2,8,2,8,2,6,2,8
8148,A,4,9,6,6,2,7,4,3,1,6,1,8,3,7,2,7
8153,Y,3,8,5,5,1,8,12,2,3,6,12,8,1,10,0,8
8161,C,5,7,5,5,2,5,9,6,8,12,9,10,2,10,3,7
8166,A,2,7,3,4,1,7,6,3,1,7,0,8,2,7,1,8
8167,Y,5,11,7,8,4,7,10,2,7,6,12,8,2,11,2,8
8184,Y,6,11,9,8,5,9,10,0,8,4,11,7,1,10,2,9
8186,Y,6,8,7,10,8,10,12,5,4,6,7,7,5,11,8,5
8201,A,2,3,3,2,1,10,2,3,1,10,2,9,2,6,2,8
8213,A,3,9,5,7,4,9,3,1,2,7,2,8,2,6,4,7
8221,C,3,6,4,5,4,5,6,3,5,7,6,11,4,10,6,9
8224,A,3,11,5,8,2,9,6,3,1,8,0,8,2,7,2,8
8227,Y,3,5,5,8,7,10,10,4,2,4,8,9,4,13,6,8
8231,C,4,8,4,6,2,5,7,6,7,11,9,14,1,9,3,8
8233,C,3,5,4,4,1,3,9,5,7,12,10,11,1,9,2,7
8249,A,3,3,5,5,2,7,5,3,1,6,1,8,2,7,2,7
8251,Y,2,0,2,0,0,7,10,3,1,7,12,8,1,11,0,8
8253,A,3,9,5,6,2,9,6,3,1,8,0,8,2,7,1,8
8256,A,4,10,7,8,4,13,2,4,4,12,1,9,3,7,4,10
8258,Y,2,2,4,4,2,7,10,1,7,7,11,8,1,11,2,8
8262,Y,5,7,6,5,5,8,5,6,5,5,8,8,3,9,9,6
8267,A,5,8,9,6,6,7,5,2,4,6,1,6,5,7,5,6
8270,A,2,3,3,2,1,8,2,2,1,8,2,8,2,6,3,8
8277,A,2,4,4,3,1,6,3,2,2,5,2,8,2,6,2,6
8282,C,2,1,2,1,0,6,7,6,9,7,6,14,0,8,4,10
8285,A,4,9,7,7,5,10,3,1,2,8,3,9,4,5,3,7
8288,Y,2,3,2,1,1,5,10,2,6,10,9,6,1,11,2,5
8305,Y,3,4,5,6,1,7,10,1,3,7,12,8,1,11,0,8
8314,A,9,13,7,7,4,8,2,3,2,8,4,12,5,4,5,6
8317,Y,5,8,5,6,2,3,11,2,7,12,11,6,1,10,2,5
8321,A,3,7,5,4,2,7,5,3,0,6,1,8,2,7,2,7
8324,C,3,7,4,5,2,6,6,6,10,8,5,12,1,9,4,8
8327,C,4,5,5,5,5,5,8,3,4,7,6,11,4,10,7,9
8342,A,2,3,3,2,1,11,2,2,1,9,2,9,1,6,2,8
8360,C,3,5,4,4,2,3,9,4,7,11,10,12,1,9,2,6
8364,C,4,8,4,6,2,4,9,6,7,12,10,12,2,9,3,7
8379,A,2,3,4,4,1,9,5,3,1,8,1,8,2,7,2,8
8401,A,1,0,2,1,0,7,4,2,0,7,2,8,2,7,1,8
8428,A,4,9,6,8,6,7,8,2,6,7,8,9,5,11,3,7
8429,A,2,4,4,3,2,11,2,3,1,9,2,9,2,6,2,9
8435,C,4,11,6,8,2,6,6,7,10,8,6,14,1,9,4,9
8442,Y,2,5,4,4,2,6,10,1,7,8,11,9,1,11,2,7
8446,Y,3,5,5,4,2,7,10,1,7,7,11,8,1,11,2,8
8457,Y,1,0,2,0,0,8,10,3,1,6,12,8,1,11,0,8
8466,C,3,2,4,4,2,6,8,7,8,9,8,13,1,9,4,10
8471,Y,4,9,5,7,2,8,11,0,4,6,11,8,0,10,0,8
8474,Y,3,5,4,4,2,4,11,2,7,11,10,6,1,11,2,5
8478,Y,7,10,7,7,3,2,12,5,5,12,12,6,2,11,2,6
8499,Y,5,7,5,5,3,6,9,1,8,9,9,5,1,9,4,4
8509,C,5,8,5,6,2,4,9,6,8,12,9,12,1,9,3,7
8567,Y,7,9,7,6,3,3,12,5,5,13,11,5,1,11,2,6
8576,A,1,0,2,0,0,7,4,2,0,7,2,8,1,7,1,8
8582,A,2,4,4,2,1,11,2,3,2,9,2,9,1,6,2,8
8594,Y,2,3,4,4,1,9,10,3,2,5,13,8,2,11,0,8
8606,A,6,11,6,6,4,11,2,4,2,11,4,12,5,3,5,11
8608,Y,2,8,4,5,1,6,11,2,3,9,12,8,1,10,0,8
8627,Y,2,4,3,3,1,6,10,1,7,8,11,8,1,11,2,7
8629,A,3,8,5,6,5,8,8,6,4,6,6,8,5,7,6,4
8638,Y,2,1,3,1,0,7,11,3,1,7,12,8,1,11,0,8
8648,C,2,3,3,2,1,5,8,5,6,12,9,10,1,10,2,7
8666,A,2,1,4,2,2,7,2,2,2,7,2,8,2,7,3,7
8668,C,5,8,6,6,4,7,8,8,6,5,7,12,5,8,4,8
8669,A,3,4,5,3,2,10,2,2,1,9,2,9,2,6,2,8
8689,A,3,5,5,8,2,7,6,3,1,7,0,8,3,7,1,8
8693,Y,5,8,5,6,2,3,10,2,7,11,11,6,1,11,2,4
8702,C,4,9,5,7,2,6,6,7,10,8,5,13,1,10,4,9
8716,Y,5,5,7,7,8,9,7,6,3,7,7,8,6,10,6,5
8721,C,6,11,7,8,4,2,8,5,9,10,10,14,1,7,3,7
8727,A,2,8,4,5,1,8,6,3,1,7,0,8,2,7,1,8
8729,Y,4,7,6,11,9,8,9,3,2,6,8,9,6,13,10,6
8732,Y,4,5,5,4,2,4,11,2,7,11,10,5,1,11,3,4
8747,Y,3,8,5,6,1,9,10,3,2,5,13,8,1,11,0,8
8753,A,3,10,5,7,2,8,6,3,1,7,0,8,3,7,1,8
8785,Y,3,5,4,4,2,4,10,2,7,11,10,6,1,11,2,5
8789,Y,1,0,2,0,0,7,9,2,1,6,12,8,1,10,0,8
8791,C,3,10,4,8,3,5,7,6,7,7,6,13,1,8,4,10
8800,Y,1,1,2,1,0,7,10,2,2,7,12,8,1,11,0,8
8807,A,4,9,6,6,4,10,2,1,2,8,3,9,5,5,3,7
8826,A,3,8,5,6,3,12,3,2,2,10,2,9,2,6,2,8
8827,Y,5,9,7,6,6,9,5,7,5,6,9,7,3,9,9,4
8854,C,2,1,2,1,0,6,7,6,9,7,6,14,0,8,4,10
8859,A,5,10,9,8,7,11,5,1,5,9,1,5,3,7,5,9
8871,Y,2,3,3,2,1,4,10,2,7,10,10,6,1,11,2,4
8896,Y,7,10,7,8,3,4,10,3,8,11,11,5,1,11,3,4
8902,C,9,13,6,7,3,8,7,7,7,11,5,8,2,9,5,9
8904,C,3,6,4,4,1,5,8,6,10,6,7,12,1,7,4,8
8918,C,4,10,5,8,3,5,8,8,8,9,8,13,2,9,4,10
8929,Y,4,6,6,4,3,4,11,2,7,11,10,5,1,11,3,5
8930,C,3,7,4,5,2,3,9,5,8,11,11,11,1,8,3,7
8938,C,5,7,6,6,5,4,8,3,6,7,6,10,3,9,7,8
8943,Y,6,9,6,7,4,5,9,1,7,9,9,6,3,10,5,4
8953,Y,5,6,5,4,2,3,10,2,7,11,11,6,1,11,2,4
8962,A,2,7,4,5,2,11,2,3,3,10,2,9,2,6,2,8
8967,Y,3,5,5,7,1,9,10,2,2,5,12,8,1,11,0,8
8974,Y,6,8,8,11,11,7,10,4,2,7,8,9,6,13,9,8
8978,A,2,3,3,2,1,10,2,2,1,9,2,9,1,6,2,8
8985,A,4,9,4,4,2,10,2,4,2,11,5,12,4,4,5,10
8989,Y,2,5,4,4,2,8,11,1,7,6,11,8,1,11,2,9
8991,Y,5,9,5,7,3,4,9,1,7,9,10,6,1,10,3,4
8998,A,6,10,6,5,3,12,3,6,2,12,2,10,4,3,3,10
9005,Y,7,11,8,8,4,5,9,1,9,10,10,5,3,10,5,3
9006,A,5,10,7,8,4,10,3,2,3,8,1,7,2,7,3,8
9011,Y,2,1,2,1,0,7,10,3,1,7,12,8,1,11,0,8
9024,C,4,9,5,6,3,5,8,7,7,8,8,14,2,9,4,10
9027,A,3,2,5,3,2,6,2,2,1,5,2,8,2,7,3,5
9033,Y,3,5,5,4,2,8,11,1,7,5,11,9,1,11,2,9
9035,Y,3,10,6,7,4,7,10,0,7,6,11,8,1,10,1,8
9036,Y,7,11,7,8,4,6,8,2,8,8,10,5,5,11,6,3
9039,Y,6,7,6,5,3,3,10,2,7,10,11,6,1,11,2,5
9042,Y,7,8,9,10,11,9,8,6,3,7,7,8,6,10,7,4
9049,Y,4,10,7,8,4,4,9,1,8,10,12,10,1,11,2,7
9052,C,4,7,5,5,2,6,8,7,11,6,6,13,1,7,4,8
9061,A,4,9,6,6,2,7,7,3,0,7,0,8,3,7,1,8
9064,A,3,5,5,3,2,6,2,2,2,5,2,8,2,6,3,6
9066,A,3,10,5,8,4,6,3,1,2,5,2,8,2,5,3,6
9075,Y,4,10,7,7,1,7,10,2,2,7,13,8,2,11,0,8
9084,A,2,2,4,3,1,7,3,2,2,6,1,8,2,6,2,7
9092,C,5,9,6,7,2,6,8,7,11,6,7,13,1,7,4,8
9098,A,4,9,7,7,5,11,3,1,2,8,3,9,6,5,3,8
9113,Y,1,1,3,2,1,8,11,1,5,5,11,9,1,11,1,8
9114,Y,5,8,5,6,3,3,10,1,7,11,11,6,1,10,3,4
9115,C,3,6,5,4,4,7,7,4,3,7,7,10,5,10,3,8
9138,C,3,6,4,4,2,6,8,7,7,9,8,12,2,10,4,10
9141,A,6,10,9,8,9,8,7,7,4,7,6,9,6,8,7,4
9149,A,5,11,7,9,5,10,2,2,3,9,1,7,3,7,4,8
9174,A,4,7,6,5,2,8,3,3,3,9,1,8,2,7,3,7
9181,A,7,11,9,8,9,7,6,8,4,7,5,8,5,8,11,2
9187,Y,1,3,2,2,1,5,10,2,7,10,9,5,1,11,2,4
9199,A,3,6,5,4,2,8,2,2,2,7,1,8,2,6,3,7
9212,C,2,5,3,3,1,4,8,5,7,11,9,13,1,9,2,7
9226,C,4,7,5,5,2,6,6,6,10,7,6,13,1,9,4,9
9231,Y,8,7,6,11,5,9,7,5,5,4,12,5,4,11,5,7
9237,A,3,8,5,6,3,6,4,3,0,6,2,7,2,7,2,7
9238,A,4,7,7,5,5,7,6,2,4,6,1,6,3,5,3,7
9310,Y,3,5,5,7,7,8,4,4,3,7,8,8,5,9,5,8
9318,C,6,11,4,6,2,6,8,7,6,11,7,7,2,9,5,8
9324,C,1,0,2,1,0,7,7,6,8,7,6,13,0,8,4,10
9334,C,3,6,4,4,2,6,7,6,7,6,7,12,1,8,4,10
9338,C,2,4,3,6,1,5,7,7,9,8,6,14,1,9,4,9
9339,A,4,11,8,8,6,9,5,1,4,7,2,6,3,8,6,6
9346,A,4,9,6,7,4,8,2,2,3,7,1,8,2,7,3,6
9358,C,4,8,5,6,6,6,7,4,4,6,7,10,6,10,4,8
9361,Y,6,10,6,7,3,4,10,1,8,10,10,5,2,12,4,3
9370,C,3,8,4,6,2,6,8,7,9,5,7,12,1,7,4,9
9385,A,5,11,8,8,6,6,3,2,3,4,2,7,5,5,5,5
9386,Y,2,1,2,1,0,8,10,3,1,6,13,8,1,11,0,8
9390,C,4,8,5,6,3,4,8,5,6,9,8,14,3,7,4,8
9391,C,5,10,6,8,4,4,8,7,9,8,9,13,1,8,4,9
9395,A,4,10,7,8,5,11,2,2,2,9,2,9,4,5,4,8
9410,A,2,2,4,3,2,8,2,1,1,7,2,8,2,7,3,7
9411,A,2,4,4,2,2,10,2,2,2,9,2,8,2,6,2,8
9421,C,4,5,5,4,2,4,8,5,7,11,10,12,1,9,3,7
9425,Y,6,11,6,8,2,3,12,5,6,13,12,6,2,11,2,6
9427,Y,2,4,3,2,1,4,11,2,7,11,10,5,1,11,2,5
9430,C,2,4,3,3,1,6,8,7,7,9,7,12,1,10,4,10
9433,Y,2,5,4,4,2,6,10,1,6,8,11,8,1,11,2,7
9434,A,2,4,3,3,1,11,3,3,2,11,2,9,1,6,2,9
9436,C,3,7,4,5,1,6,8,6,9,5,6,14,1,7,4,9
9441,C,2,4,3,3,1,4,8,5,7,11,9,12,1,9,2,7
9444,A,5,11,5,6,4,10,3,4,2,10,5,11,5,3,5,10
9446,C,5,10,3,5,2,5,9,6,6,11,8,8,2,9,5,8
9468,Y,1,0,2,0,0,7,9,2,2,6,12,8,1,10,0,8
9473,Y,4,7,6,9,9,9,6,6,3,7,7,8,7,9,6,5
9479,C,8,11,5,6,2,7,9,6,7,12,7,8,2,9,5,9
9488,Y,5,9,8,6,4,8,10,1,7,5,11,8,2,12,3,8
9511,Y,4,6,7,8,1,6,10,3,2,8,13,8,1,11,0,8
9524,C,4,8,5,6,3,4,9,6,7,7,8,14,1,8,4,10
9527,Y,9,10,7,14,5,9,11,2,3,7,10,5,4,10,6,9
9534,Y,1,0,2,1,0,7,9,1,2,6,12,8,1,10,0,8
9539,Y,3,8,4,6,2,8,10,1,3,7,12,8,1,11,0,8
9540,A,2,8,4,6,2,12,2,4,3,11,2,10,2,6,4,9
9541,Y,2,9,4,6,1,8,10,2,3,6,12,8,1,10,0,8
9561,A,2,4,3,3,1,11,3,2,2,9,2,9,1,6,2,8
9562,Y,6,11,6,8,4,3,9,1,7,10,10,6,1,11,3,4
9574,A,3,9,6,7,4,12,3,2,2,9,2,9,2,6,2,8
9575,C,8,14,6,8,3,6,9,6,9,11,8,10,2,8,5,8
9577,C,4,9,5,6,3,6,7,6,8,6,5,12,1,8,4,9
9581,A,9,13,8,8,4,10,0,3,2,10,4,12,3,5,4,8
9588,C,4,7,4,5,3,4,7,5,6,11,9,14,1,9,3,9
9594,A,2,9,4,6,2,7,4,3,2,6,1,8,2,7,2,8
9597,Y,6,6,5,8,4,9,8,4,4,5,11,5,4,11,5,6
9614,Y,5,9,5,4,2,5,8,3,3,10,9,6,4,9,3,4
9618,A,3,3,5,5,2,6,4,3,1,6,1,8,3,7,2,7
9620,Y,6,10,8,8,8,8,5,6,5,8,7,8,6,9,7,3
9623,Y,3,3,5,4,1,8,11,2,2,5,12,8,1,10,0,8
9636,Y,4,8,6,6,5,9,5,7,5,6,9,7,3,9,9,4
9644,A,3,9,4,6,3,7,4,3,1,6,2,8,2,7,3,8
9660,Y,3,7,5,5,2,7,11,1,3,8,11,8,1,10,0,8
9668,Y,5,8,5,6,3,6,9,1,8,8,9,4,1,11,4,5
9669,Y,4,5,5,4,2,4,10,1,8,10,10,5,4,11,4,3
9688,A,4,11,6,8,3,9,3,3,3,8,1,9,3,6,3,9
9699,Y,7,10,7,8,4,2,10,2,6,10,12,7,2,11,2,6
9725,Y,4,8,5,6,2,5,10,2,2,8,12,8,2,11,0,8
9732,Y,6,8,6,6,3,4,10,1,8,11,10,6,2,11,4,3
9747,Y,2,3,4,4,0,7,10,1,3,7,12,8,1,11,0,8
9749,Y,1,1,3,2,1,5,10,1,6,9,11,9,1,11,2,8
9750,Y,3,5,5,7,1,7,10,1,3,7,12,8,1,11,0,8
9764,Y,4,4,6,6,7,9,4,5,3,7,7,8,5,9,4,8
9771,A,3,11,5,8,4,8,5,3,0,7,1,8,2,7,3,8
9779,A,4,10,7,8,5,12,3,2,2,9,2,9,2,6,2,8
9784,Y,6,7,6,5,4,5,9,1,8,9,9,5,2,9,4,4
9811,Y,6,9,8,6,6,8,8,6,5,5,8,8,3,8,9,6
9819,C,3,5,5,3,2,4,8,5,7,12,9,11,1,9,3,7
9827,A,2,7,4,5,2,12,3,4,3,12,2,9,2,6,3,9
9832,C,2,1,3,2,1,7,8,7,6,9,7,11,1,9,3,10
9833,Y,6,9,6,7,4,3,9,1,6,10,11,7,1,11,3,5
9837,C,1,1,2,1,0,6,7,6,9,7,6,15,0,8,4,10
9846,C,6,9,5,4,3,8,7,4,3,9,8,10,4,8,7,11
9862,A,1,0,2,0,0,8,3,2,0,7,2,8,2,6,1,8
9864,A,2,4,4,3,2,7,2,2,1,6,2,8,2,7,3,6
9877,C,2,3,2,2,1,5,8,5,6,11,9,11,1,9,3,8
9892,A,3,3,5,4,2,8,2,2,2,6,2,8,2,7,2,7
9906,Y,4,11,5,8,2,6,10,1,3,7,12,8,1,11,0,8
9912,Y,4,6,4,4,2,5,9,2,8,9,10,5,1,11,4,4
9918,A,7,11,7,6,4,10,1,4,2,11,6,14,4,5,5,11
9948,Y,3,6,5,4,2,7,10,2,7,6,12,9,2,11,2,8
9962,A,3,11,6,8,4,11,4,2,3,9,2,9,3,7,3,8
9963,C,5,9,7,6,4,7,7,8,7,7,6,9,4,8,4,9
9967,A,5,9,6,7,4,7,4,3,1,7,2,8,3,8,3,8
9981,C,5,5,6,8,2,6,7,7,11,6,6,14,1,8,4,9
10014,Y,2,4,3,3,1,4,11,2,7,11,10,5,1,11,2,5
10017,Y,4,7,6,10,10,8,5,4,2,8,8,9,5,9,6,8
10021,A,3,5,5,4,2,6,3,2,2,5,2,7,3,4,3,8
10025,A,2,4,3,3,1,11,3,3,2,11,2,9,2,6,2,9
10028,C,4,7,4,5,3,4,8,5,6,9,8,14,2,7,3,8
10040,C,6,11,8,8,6,7,6,9,6,8,6,11,4,9,4,8
10041,C,4,9,5,7,2,5,7,7,10,7,6,14,1,8,4,9
10063,A,3,8,5,6,3,12,2,3,2,11,2,9,2,6,3,9
10088,C,3,5,4,4,2,4,8,5,7,11,9,12,1,9,3,7
10096,C,2,2,3,4,2,6,8,7,7,8,8,14,1,9,4,10
10104,Y,4,8,7,6,3,7,10,1,8,6,12,9,3,9,2,8
10124,C,2,1,2,1,1,6,7,6,10,7,6,14,0,8,4,9
10134,C,2,5,3,3,1,4,8,4,7,11,9,12,1,9,2,7
10141,Y,6,11,10,8,5,6,10,2,8,6,12,9,5,10,4,7
10145,C,4,7,5,5,4,7,7,8,5,6,7,13,4,7,4,8
10171,Y,2,6,3,4,0,9,10,2,2,6,12,8,1,11,0,8
10184,A,3,8,5,6,3,12,3,3,2,11,1,9,2,6,2,9
10192,Y,7,9,8,6,5,5,9,1,8,9,10,5,3,11,4,4
10198,Y,4,6,4,4,2,4,9,3,6,10,11,6,2,11,2,5
10204,A,4,9,6,7,4,12,3,3,2,10,1,9,2,7,3,8
10215,C,2,4,2,2,1,4,8,5,7,11,9,12,1,9,3,8
10216,C,4,8,5,6,3,5,8,7,8,9,8,14,1,9,4,9
10217,C,2,3,3,2,1,4,8,3,6,11,9,12,1,9,2,7
10220,C,4,8,5,6,2,6,7,7,10,8,6,13,1,9,4,8
10221,A,2,7,4,5,2,9,3,2,2,8,1,8,2,6,3,8
10222,C,6,8,7,6,4,5,8,6,7,12,8,10,3,12,3,6
10248,A,5,9,7,7,5,8,3,1,2,6,2,7,3,5,4,7
10265,C,4,5,6,7,2,5,6,6,11,7,5,12,1,9,4,8
10268,Y,5,6,4,9,3,7,8,3,2,7,10,5,4,10,5,6
10285,Y,8,10,6,14,5,9,8,4,3,5,11,5,5,10,7,7
10287,C,3,4,4,3,2,6,8,8,8,8,7,12,2,9,4,10
10290,A,3,4,5,3,2,10,2,2,1,8,2,9,4,5,2,9
10314,C,4,6,5,4,2,4,8,6,9,10,10,12,1,8,3,7
10317,A,3,8,5,6,5,8,8,6,4,6,6,8,3,7,6,4
10367,Y,7,9,8,6,4,4,9,1,7,10,11,6,2,11,4,3
10371,Y,8,6,6,9,4,7,8,4,3,6,11,5,4,11,6,6
10387,Y,8,10,8,7,3,4,10,2,8,11,11,5,1,11,3,3
10394,Y,3,9,4,7,2,6,10,1,3,8,12,8,1,11,0,8
10402,A,2,1,3,2,1,8,2,2,1,7,2,8,2,7,2,7
10418,A,5,6,7,5,5,8,8,3,5,7,8,8,5,9,4,6
10429,Y,7,11,7,8,4,3,10,2,7,10,12,6,1,11,2,5
10435,Y,4,5,5,3,2,4,11,2,7,11,10,5,1,11,2,5
10443,Y,7,7,6,10,4,9,7,6,6,4,11,7,5,10,3,7
10451,Y,4,10,6,7,1,7,12,2,3,8,12,8,1,10,0,8
10473,C,4,7,5,5,3,5,8,7,7,8,8,14,1,10,4,10
10475,A,4,10,5,8,4,6,5,3,1,6,1,8,2,7,2,7
10480,Y,2,1,2,1,0,7,9,2,2,6,12,8,1,10,0,8
10498,C,7,11,7,8,4,5,8,6,8,12,8,13,3,10,4,6
10521,A,7,15,7,8,5,10,2,5,2,11,5,12,6,3,6,10
10528,A,3,8,5,6,3,9,3,1,2,7,2,8,2,6,2,7
10534,Y,7,6,6,9,4,9,6,5,5,5,12,6,4,11,4,6
10542,A,4,11,5,8,4,8,5,3,0,7,1,8,2,6,3,8
10558,Y,3,5,6,4,2,7,11,1,7,7,11,8,2,11,2,8
10570,A,5,9,7,8,6,6,8,2,4,7,7,9,8,7,4,8
10573,Y,3,5,4,7,7,7,5,4,2,7,7,9,5,10,4,8
10579,A,4,8,6,6,3,9,2,2,2,7,1,8,2,7,3,7
10590,C,4,7,5,5,5,5,7,3,5,7,6,10,5,10,3,8
10598,C,4,9,5,7,3,6,8,9,8,9,8,12,2,10,4,9
10611,Y,4,5,6,7,1,7,10,2,2,7,13,8,2,11,0,8
10612,Y,8,11,8,8,4,3,11,2,9,12,11,5,0,10,2,4
10616,Y,2,2,4,3,1,6,10,1,7,8,11,8,1,11,2,7
10668,A,5,7,8,6,6,9,7,3,5,6,8,6,4,10,4,5
10672,A,4,11,7,9,4,11,3,2,3,9,2,9,5,5,3,9
10673,Y,6,9,8,7,6,8,7,6,5,5,9,8,3,9,8,5
10676,A,3,9,6,6,2,8,4,3,2,7,1,8,3,7,3,8
10683,C,4,9,5,6,3,6,9,7,8,13,8,7,2,11,3,7
10699,C,1,1,2,1,0,6,7,6,9,7,6,14,0,8,4,10
10707,A,2,3,4,4,1,10,5,3,1,8,1,8,2,7,2,8
10710,C,5,9,6,7,4,3,8,6,7,12,10,13,1,9,3,7
10714,C,4,6,6,4,3,8,6,7,7,7,6,8,4,10,4,8
10730,A,3,6,6,8,2,9,4,3,2,8,1,8,3,7,2,8
10747,C,4,7,6,5,3,7,7,7,6,7,6,8,4,9,4,8
10755,C,3,2,4,3,2,6,8,8,7,8,7,12,2,9,4,10
10768,A,3,10,5,8,4,11,3,2,2,9,2,9,3,5,3,8
10769,A,3,8,6,6,4,11,2,2,2,9,2,9,3,5,3,8
10783,C,7,10,8,8,4,2,9,5,9,11,11,13,1,7,3,6
10790,Y,4,5,6,8,9,7,5,4,3,8,8,9,5,10,6,10
10805,Y,3,4,4,3,2,5,10,2,7,10,10,5,1,11,3,5
10813,Y,1,1,2,1,0,7,10,2,2,7,12,8,1,11,0,8
10815,C,4,10,5,7,2,5,7,7,10,7,6,14,1,8,4,9
10822,Y,3,5,5,4,2,8,11,1,7,5,11,9,2,12,3,8
10831,A,1,3,2,2,1,10,3,2,1,9,2,9,1,6,1,8
10836,A,2,7,4,4,2,7,4,3,2,6,1,8,3,6,2,7
10845,A,3,5,5,4,2,9,2,1,2,8,2,9,2,6,2,8
10856,A,5,8,8,7,7,7,8,2,4,7,8,9,8,6,4,8
10876,Y,5,7,7,11,10,10,9,4,2,5,8,9,4,11,10,12
10878,C,2,6,3,4,2,6,8,8,8,8,8,14,1,9,4,9
10880,Y,2,4,4,6,1,7,10,1,3,7,12,8,1,11,0,8
10883,A,3,9,5,6,4,8,2,1,2,6,2,7,3,6,4,7
10889,A,2,1,3,1,0,7,4,2,0,7,1,8,2,6,1,7
10893,C,3,9,4,7,3,5,8,9,8,9,8,11,2,10,4,10
10900,C,5,10,6,7,4,7,7,8,7,6,6,9,4,8,4,8
10902,C,4,7,5,5,2,5,8,6,8,12,9,11,2,10,3,7
10906,A,3,8,5,6,2,11,2,4,3,11,2,10,2,6,3,8
10917,C,3,4,4,3,1,4,8,5,7,11,9,12,1,9,2,7
10936,C,4,8,5,6,3,5,7,6,8,7,6,12,1,8,4,9
10956,Y,4,7,6,5,5,8,5,6,4,6,9,8,3,8,8,4
10959,Y,3,4,5,5,1,6,10,3,1,8,13,8,1,11,0,8
10962,A,2,1,4,3,2,8,1,2,2,8,2,8,3,6,3,7
10974,C,9,13,6,7,3,6,9,6,7,12,7,7,2,9,5,9
10975,Y,5,9,7,6,4,10,10,1,7,3,11,7,1,11,2,9
10979,C,4,10,5,8,2,5,7,7,10,7,6,13,1,8,4,9
10981,C,4,4,5,6,2,6,7,7,11,6,6,13,1,7,4,9
10991,C,3,3,4,4,1,5,8,6,9,6,7,11,1,7,4,9
11017,Y,2,3,4,4,0,7,10,2,2,7,13,8,1,11,0,8
11035,Y,3,5,5,3,2,4,11,3,6,12,10,5,1,11,2,5
11043,A,4,10,6,8,4,9,2,2,3,8,2,8,3,6,4,7
11054,C,4,10,5,8,3,6,7,10,8,10,8,11,2,12,4,9
11058,C,5,12,4,7,4,9,6,4,2,9,8,11,4,9,7,13
11059,C,4,10,6,8,7,6,6,4,3,8,7,11,6,9,3,8
11061,C,4,9,5,7,6,5,6,3,4,7,6,9,6,9,6,7
11064,C,3,4,4,3,1,5,9,5,7,11,9,12,1,9,3,7
11067,A,2,9,4,6,3,11,2,1,2,9,3,9,2,6,3,8
11070,A,4,10,7,7,2,5,5,3,1,5,1,7,3,7,2,7
11074,C,2,4,2,3,1,6,8,6,7,8,8,13,1,10,3,10
11082,C,5,11,7,8,8,7,6,4,4,8,7,11,6,9,3,8
11087,C,5,11,6,8,4,5,7,6,9,8,4,11,1,10,5,10
11089,C,4,6,5,4,3,4,8,5,7,9,9,14,1,8,3,8
11095,A,3,2,5,3,2,6,2,2,2,5,2,8,2,6,2,6
11098,C,5,8,6,6,3,7,6,6,8,13,7,12,2,10,4,7
11103,Y,4,5,6,7,1,8,10,2,2,6,13,8,1,11,0,8
11108,Y,2,1,3,2,1,7,10,1,7,7,11,8,1,11,1,8
11109,A,5,9,6,7,7,8,8,8,4,6,6,8,3,8,8,4
11120,Y,8,10,8,8,4,3,10,3,7,12,12,7,1,11,2,5
11129,A,3,5,6,6,2,8,3,3,2,7,1,8,3,6,3,8
11133,Y,6,11,8,8,8,8,4,6,5,8,7,8,9,7,6,5
11135,Y,8,10,8,8,4,5,8,2,9,9,10,4,5,11,7,3
11141,C,5,9,6,7,4,5,7,6,9,6,6,10,1,6,5,10
11144,A,6,9,8,8,7,7,7,2,4,7,8,10,8,7,4,8
11146,C,3,8,4,6,2,6,8,8,7,9,8,14,2,9,4,10
11148,C,5,7,7,6,6,5,7,4,4,7,6,11,4,9,7,9
11150,Y,6,11,6,8,3,3,10,3,6,12,12,7,1,11,2,6
11154,Y,2,5,4,4,2,7,10,1,7,7,11,8,1,11,2,8
11156,C,2,1,3,2,1,6,7,6,10,7,6,14,0,8,4,9
11163,A,2,6,4,4,2,8,4,2,1,7,2,8,2,6,2,8
11177,A,5,11,8,9,5,12,3,3,3,10,1,9,3,7,4,9
11181,Y,5,9,4,4,2,6,8,3,4,10,8,5,3,9,4,4
11187,A,1,3,3,2,1,6,3,2,2,5,2,8,1,6,1,7
11198,C,5,6,6,5,5,5,8,3,5,7,6,10,3,10,8,7
11220,A,1,3,2,2,1,10,2,2,1,9,2,9,1,6,2,8
11221,C,5,9,4,5,1,6,8,6,7,11,7,9,2,9,5,9
11226,C,2,1,2,2,1,6,8,7,7,8,7,13,1,8,4,10
11229,Y,7,11,7,8,5,5,8,0,8,9,9,5,4,10,7,4
11243,Y,2,7,4,4,1,10,10,3,2,5,13,8,2,11,0,8
11245,A,5,13,5,7,4,11,2,4,2,11,4,11,5,3,4,10
11257,Y,2,1,3,1,0,8,11,3,1,6,12,8,1,11,0,8
11261,C,4,7,5,5,3,7,7,8,6,7,6,10,3,8,3,9
11263,Y,1,0,2,1,0,7,10,2,2,7,12,8,1,11,0,8
11273,A,2,4,4,2,2,11,2,3,2,10,2,10,2,6,2,9
11317,Y,1,3,3,2,1,7,10,1,6,7,11,8,1,11,1,8
11330,C,3,7,4,5,2,7,7,7,10,10,6,13,1,10,4,9
11336,Y,6,8,9,11,11,8,11,3,4,6,8,9,5,13,11,8
11345,A,5,11,8,8,4,8,2,2,3,6,2,7,5,7,6,8
11359,C,3,7,4,5,2,5,8,7,7,8,8,14,1,9,4,10
11369,Y,7,10,6,5,3,8,6,3,5,9,8,6,4,10,4,5
11375,C,7,10,8,8,8,6,6,3,5,8,6,12,6,9,5,10
11379,Y,1,0,2,0,0,7,9,3,1,7,13,8,1,11,0,8
11388,C,8,13,5,7,3,6,10,6,9,11,8,10,2,8,5,9
11391,C,3,7,4,5,2,5,8,7,7,9,8,13,1,10,4,10
11393,C,3,6,5,4,1,6,8,6,10,7,7,12,1,7,4,9
11408,A,6,10,8,8,8,7,8,8,4,6,5,9,3,7,8,5
11416,C,4,9,3,4,2,7,10,4,4,8,8,8,3,9,8,11
11422,C,6,10,7,8,5,3,7,4,7,10,8,15,4,9,5,6
11426,C,4,10,5,8,2,5,7,7,10,7,5,13,1,9,4,8
11433,Y,6,6,5,9,3,7,11,1,3,9,10,5,4,10,6,8
11449,A,3,7,5,6,4,7,8,2,4,7,8,9,5,8,3,6
11465,C,4,8,5,6,3,3,8,5,7,10,10,13,1,8,3,7
11468,Y,2,4,4,3,2,6,10,1,7,8,11,8,1,11,2,8
11470,Y,4,5,5,7,7,9,8,6,3,7,7,7,6,10,6,4
11493,C,2,4,3,3,1,5,9,5,6,12,9,10,1,10,2,7
11505,Y,5,7,5,5,3,6,8,1,7,8,9,5,2,12,4,4
11529,C,4,9,5,7,6,5,7,4,5,7,6,9,6,10,5,7
11532,A,3,9,6,7,4,11,3,1,2,8,3,9,4,5,3,8
11544,C,5,9,6,6,3,5,8,8,9,9,8,12,2,10,4,9
11575,A,3,7,5,5,2,12,3,4,3,11,2,10,2,6,3,9
11583,Y,4,7,6,5,3,10,10,1,6,2,10,8,1,11,1,9
11584,C,1,3,2,1,1,4,8,4,6,10,9,12,1,8,2,8
11595,C,6,8,7,7,7,6,7,5,5,6,6,11,7,10,9,8
11607,A,2,2,4,4,2,8,2,2,2,8,2,8,2,6,3,7
11614,C,5,8,6,6,4,6,8,6,9,6,6,13,1,8,4,9
11621,C,7,12,5,6,4,7,6,4,3,9,8,11,4,9,8,11
11622,A,3,11,5,8,3,13,4,5,3,12,1,8,2,6,4,9
11627,Y,5,10,8,8,4,7,10,2,7,6,12,9,2,11,2,8
11647,A,5,10,9,7,6,7,5,2,4,5,1,6,5,7,5,5
11649,A,4,9,6,6,3,11,2,3,3,10,2,9,2,6,3,8
11652,C,4,4,5,7,2,5,7,7,10,7,6,14,1,8,4,9
11656,A,3,8,5,5,2,7,4,3,1,7,1,8,3,7,2,8
11669,Y,4,9,7,7,3,6,10,2,8,7,12,8,1,11,2,8
11689,C,9,12,6,7,3,8,8,6,8,12,6,8,2,9,5,9
11691,A,3,9,5,6,3,6,3,2,3,5,2,8,2,6,3,6
11698,Y,3,6,5,8,1,7,10,1,3,7,12,8,1,11,0,8
11701,C,3,6,4,4,1,5,8,6,10,6,7,11,1,7,4,8
11709,A,7,10,9,8,9,8,6,7,4,7,6,9,6,8,8,3
11717,C,5,10,6,8,2,6,7,7,10,6,6,15,1,8,4,9
11718,Y,5,11,6,8,3,7,10,1,3,7,12,8,1,11,0,8
11723,A,3,5,5,4,4,7,8,3,4,7,8,8,5,10,3,6
11733,C,6,10,6,7,4,6,8,7,8,13,8,10,2,11,3,7
11750,C,4,8,5,6,2,6,9,7,10,5,7,12,1,6,4,8
11758,A,4,4,6,6,2,6,7,3,0,6,0,8,2,7,1,7
11765,A,5,7,7,5,7,7,8,8,4,7,5,8,4,8,9,4
11774,A,3,8,5,6,3,10,4,2,2,8,2,10,2,6,3,8
11780,C,5,7,7,6,6,5,6,4,5,7,6,11,4,10,7,10
11781,Y,10,9,8,12,5,7,9,3,2,7,11,5,4,10,7,6
11782,Y,6,11,8,8,8,9,3,7,5,8,8,7,3,10,5,3
11787,Y,4,9,6,7,3,5,11,2,3,8,12,8,1,11,0,8
11800,A,5,10,7,7,8,8,5,8,4,8,6,8,3,9,8,3
11809,A,4,7,6,6,5,8,8,2,4,7,7,8,5,7,4,6
11817,Y,2,4,3,3,1,6,10,1,6,8,11,8,1,11,2,7
11851,A,4,9,5,6,5,7,6,7,4,7,6,9,2,8,8,4
11877,A,4,5,6,4,4,8,8,3,4,6,7,7,5,8,4,5
11880,A,3,10,5,8,4,12,3,2,2,9,2,8,2,6,2,8
11909,C,6,12,4,6,2,7,7,7,6,11,6,8,2,9,5,9
11916,C,6,10,7,8,3,4,9,6,8,12,10,11,2,9,3,6
11920,Y,3,4,4,3,1,4,11,2,7,11,10,5,1,11,2,5
11929,Y,3,4,4,2,2,4,11,2,7,11,10,5,1,10,2,4
11946,C,2,4,3,3,1,6,8,7,7,9,8,13,1,10,4,10
11948,C,1,3,2,1,1,6,8,6,6,8,7,13,1,9,3,10
11952,Y,3,7,5,5,2,10,11,2,2,5,12,8,1,11,0,8
11977,Y,8,7,6,11,5,9,8,5,5,4,11,6,4,11,5,7
11978,Y,2,2,3,3,1,7,10,1,7,7,11,8,1,11,2,8
12001,Y,4,7,4,5,2,3,10,3,6,11,12,7,2,11,2,6
12002,C,5,9,5,7,4,4,8,5,7,11,9,14,2,9,3,7
12003,A,3,6,4,4,2,10,2,2,3,8,2,8,2,6,2,8
12010,Y,3,6,4,4,2,8,10,2,6,5,12,8,2,11,2,8
12011,A,1,3,3,2,1,11,2,3,2,10,2,9,1,6,2,8
12014,C,3,4,4,3,1,5,9,5,7,12,9,10,1,10,3,7
12025,Y,3,7,5,5,3,7,10,1,5,5,11,9,2,11,1,8
12026,C,4,7,6,5,4,7,8,8,6,5,7,13,4,7,4,8
12029,A,2,5,4,3,2,7,3,1,2,6,2,8,3,5,2,8
12056,C,2,5,3,3,1,5,9,5,7,12,9,11,1,10,2,7
12058,Y,2,7,4,4,1,6,10,2,2,7,12,8,1,11,0,8
12061,A,3,4,5,6,2,5,4,3,2,5,1,7,3,7,2,7
12066,A,4,5,6,8,2,7,4,3,2,7,1,8,3,6,3,8
12071,A,2,4,4,3,2,11,2,2,2,9,2,9,2,6,2,8
12078,Y,3,7,5,5,2,8,10,2,6,4,11,9,2,12,2,7
12091,A,8,15,6,8,4,8,3,3,2,7,4,11,5,5,4,7
12093,C,2,2,3,4,2,6,8,7,8,8,8,13,1,9,4,10
12099,Y,2,3,4,5,1,8,10,2,3,6,12,8,1,11,0,8
12103,A,2,6,3,4,2,9,4,2,0,8,2,8,2,6,1,8
12106,A,2,1,4,1,1,8,4,2,0,7,2,8,2,6,2,8
12120,C,8,15,6,8,5,5,10,4,5,9,7,8,3,9,9,9
12128,A,3,9,5,7,3,12,3,3,3,10,1,9,2,6,2,8
12134,Y,8,8,7,11,5,9,9,3,3,5,11,5,4,10,7,8
12135,C,4,9,4,5,3,6,8,4,3,9,9,10,3,9,8,9
12141,C,3,7,4,5,1,6,8,7,10,5,7,13,1,7,4,9
12147,A,1,0,2,0,0,8,4,2,0,7,2,8,2,7,1,8
12158,Y,3,2,5,4,2,6,10,1,8,8,11,8,1,11,2,8
12159,C,1,3,2,2,1,6,8,7,7,8,7,13,1,9,4,10
12162,Y,4,10,6,7,4,4,8,2,7,10,13,10,2,11,2,6
12179,C,2,4,3,3,1,4,9,5,6,11,9,11,1,9,2,8
12180,Y,3,5,5,4,2,6,10,1,8,8,12,8,1,11,2,7
12183,Y,6,8,6,6,4,3,9,2,6,10,11,7,2,11,2,5
12194,Y,2,7,4,5,2,10,10,3,1,6,12,8,2,11,0,8
12200,A,6,9,9,8,8,8,7,3,5,7,7,7,5,8,4,5
12207,Y,3,9,5,6,2,7,11,0,4,7,11,8,0,10,0,8
12214,Y,3,8,4,6,2,5,10,1,3,8,12,8,1,11,0,8
12220,C,5,11,5,8,4,4,7,5,6,11,9,14,2,10,4,7
12237,Y,5,10,7,7,4,7,10,2,7,6,12,9,2,11,2,8
12242,A,4,9,6,8,6,7,8,2,4,7,7,8,8,6,4,7
12253,A,4,9,7,7,5,7,2,1,2,5,2,7,4,6,5,7
12267,A,1,0,2,1,0,7,4,2,0,7,2,8,2,7,1,8
12283,C,3,4,4,3,2,6,8,7,8,8,8,13,1,9,4,10
12285,C,6,12,5,6,4,6,8,4,4,10,8,9,4,9,9,9
12298,C,6,11,6,8,3,4,8,6,8,12,10,12,2,9,3,7
12320,Y,4,8,6,6,6,8,7,5,4,7,8,8,6,8,7,4
12325,C,7,13,5,8,4,7,9,4,4,9,7,9,3,9,8,11
12326,A,5,11,8,8,5,8,2,2,3,6,1,7,3,7,4,7
12330,Y,5,8,5,6,2,4,11,3,8,12,11,4,1,10,2,4
12333,Y,5,10,8,8,3,6,10,1,9,9,12,8,1,11,2,7
12337,A,4,9,5,7,4,7,5,3,0,7,1,8,2,7,1,8
12342,Y,5,9,8,6,4,6,9,1,7,7,12,9,1,11,2,8
12343,A,2,4,4,6,2,8,3,3,3,7,1,8,3,6,3,8
12361,Y,3,4,5,6,1,8,10,2,2,6,13,8,2,11,0,8
12365,C,5,9,6,7,4,5,7,6,9,7,6,13,1,8,4,9
12380,C,5,9,7,8,8,5,6,4,5,7,6,11,5,11,8,11
12390,A,3,7,5,5,3,10,3,2,2,8,2,10,3,5,2,8
12402,Y,2,1,4,2,1,7,11,1,7,7,11,8,1,11,2,8
12417,Y,4,7,4,5,2,4,10,2,9,11,10,5,0,10,3,4
12419,Y,5,10,6,8,6,8,7,6,5,5,9,8,3,9,10,7
12444,Y,3,7,4,5,1,7,10,2,2,7,13,8,1,11,0,8
12455,Y,4,6,5,8,6,10,12,5,4,6,7,7,5,10,8,5
12456,A,3,8,5,5,2,10,5,3,1,8,1,9,2,7,2,9
12458,C,4,7,5,5,2,6,9,7,7,13,8,7,2,11,2,6
12478,C,2,3,2,2,1,4,8,4,7,10,9,12,1,8,2,7
12481,Y,2,2,4,3,2,7,11,1,7,7,11,8,1,11,2,8
12486,C,5,10,6,8,5,5,7,8,7,11,8,13,3,12,5,8
12488,A,4,11,6,8,2,8,5,3,1,7,0,8,3,7,2,8
12494,Y,8,11,7,6,4,8,6,4,6,9,6,5,3,10,6,5
12506,A,3,6,5,4,2,11,3,2,2,9,2,9,2,6,3,9
12509,A,3,9,5,6,4,12,2,2,2,10,2,9,2,6,3,8
12513,Y,5,6,6,4,3,3,10,2,7,11,11,6,1,10,2,4
12526,Y,1,1,2,1,0,7,10,2,2,7,12,8,1,11,0,8
12542,A,4,10,7,7,2,8,7,3,0,7,0,8,3,7,2,8
12545,Y,3,10,5,7,3,7,10,1,7,6,12,8,1,11,2,8
12566,Y,10,10,8,14,6,9,6,5,5,4,12,6,5,10,6,7
12573,A,5,11,7,8,7,8,5,7,4,8,6,8,6,8,7,4
12579,Y,7,9,7,7,4,4,9,2,7,10,11,6,2,12,3,4
12612,Y,4,6,6,4,5,9,5,7,5,6,9,7,3,9,8,5
12625,C,6,11,7,8,3,5,7,7,11,7,6,12,1,9,4,8
12633,A,5,10,7,7,4,9,5,3,0,8,1,8,2,7,1,8
12635,C,5,10,6,8,3,3,8,5,8,11,11,13,1,8,3,7
12643,C,6,9,6,6,4,7,8,6,8,13,7,10,3,11,4,6
12675,A,4,8,6,6,4,11,3,2,2,9,2,9,4,4,3,8
12681,C,5,6,6,5,5,6,7,4,5,7,6,11,5,10,8,11
12687,A,3,5,6,3,2,8,2,2,2,6,1,8,2,6,2,7
12702,C,2,3,3,2,1,6,8,7,7,8,7,12,1,9,4,10
12704,A,2,6,4,4,3,8,3,2,1,7,2,8,1,7,2,8
12705,A,3,9,5,6,3,10,3,2,2,8,2,10,3,5,3,7
12709,A,2,8,4,5,2,7,5,3,1,6,0,8,2,7,2,7
12719,A,3,5,6,4,2,9,2,2,2,8,1,8,2,6,2,7
12744,A,2,4,4,3,1,12,3,3,2,10,1,9,1,6,2,9
12745,C,3,5,4,3,2,5,8,5,7,12,9,11,1,10,2,7
12746,Y,2,2,4,3,2,8,10,1,7,5,11,8,1,11,2,8
12749,A,2,5,4,3,2,8,2,2,2,8,2,8,2,6,2,7
12753,Y,2,1,3,1,0,7,10,3,1,7,13,8,1,11,0,8
12756,C,2,1,3,2,1,6,7,6,10,7,6,14,0,8,4,9
12757,Y,7,11,8,8,6,5,8,1,8,8,9,5,5,11,7,4
12791,Y,5,7,8,10,11,8,9,4,2,6,8,9,4,11,8,8
12794,C,4,6,5,5,4,6,7,4,4,7,6,11,4,9,8,10
12798,A,2,2,4,3,2,7,2,2,2,6,2,8,2,7,3,7
12803,Y,2,4,4,6,4,8,11,3,3,5,8,9,2,11,5,6
12807,C,2,1,2,2,1,6,7,6,10,7,6,14,0,8,4,9
12822,C,4,9,5,7,3,4,7,5,6,11,9,14,2,8,3,8
12834,C,2,7,3,5,1,6,8,7,8,5,6,13,1,7,4,9
12855,A,2,1,3,1,1,7,4,2,0,7,2,8,2,6,2,8
12856,A,3,2,5,3,2,8,2,2,2,7,2,8,2,7,2,7
12880,Y,2,4,3,3,1,3,11,3,5,12,10,6,1,10,1,6
12881,A,1,1,2,1,0,7,4,3,0,7,1,8,2,7,1,8
12884,Y,2,3,2,2,1,3,11,3,5,11,10,5,1,11,1,6
12886,A,2,4,4,6,2,7,3,3,3,7,1,8,3,6,3,8
12889,Y,7,9,6,13,5,5,7,5,3,7,11,6,4,10,5,6
12894,A,2,7,4,5,2,11,2,3,3,10,2,9,2,6,3,8
12896,C,2,1,3,2,1,6,8,7,7,8,7,13,1,10,4,10
12913,A,3,7,4,5,3,8,3,2,2,7,2,8,2,6,3,7
12915,C,1,0,1,1,0,6,7,6,7,7,6,13,0,8,4,10
12917,Y,1,1,2,1,0,7,10,2,2,7,12,8,1,11,0,8
12933,C,2,4,3,2,1,5,9,4,7,11,9,11,1,9,2,7
12935,C,5,10,6,8,3,5,8,6,8,12,9,12,2,9,3,7
12937,A,4,5,6,4,4,8,7,3,5,7,8,8,5,9,3,6
12948,C,3,5,4,3,2,4,8,5,7,11,9,12,1,9,3,7
12960,C,5,9,5,7,3,4,10,7,8,13,10,8,2,10,2,6
12967,Y,2,2,4,3,1,7,11,1,7,7,11,8,1,11,2,8
12973,Y,3,3,5,4,1,5,10,3,2,8,13,8,2,11,0,8
12977,C,5,7,6,5,6,6,6,4,3,7,6,11,5,9,3,9
13014,A,1,1,3,2,1,7,2,2,1,7,2,8,1,6,2,7
13015,C,7,10,8,8,4,6,8,7,8,13,8,9,2,11,3,7
13033,A,3,8,5,6,3,12,3,2,2,9,2,9,3,7,3,9
13034,Y,4,10,6,8,6,9,5,6,4,7,8,8,6,8,8,3
13037,Y,3,4,4,2,2,4,10,2,7,10,10,5,2,11,3,4
13063,C,7,10,7,7,4,4,10,7,8,12,10,8,2,10,3,7
13064,A,3,9,5,6,2,6,6,3,1,6,0,8,2,7,1,7
13096,A,2,3,3,2,1,10,2,2,1,9,2,9,1,6,2,8
13121,Y,4,8,6,12,11,9,7,4,2,6,7,9,5,11,8,9
13126,A,1,0,2,0,0,7,4,2,0,7,2,8,2,7,1,8
13133,Y,3,4,5,5,1,6,10,3,2,9,13,8,1,11,0,8
13141,Y,6,8,6,6,3,4,10,3,7,11,11,6,1,11,3,4
13150,A,1,0,2,0,0,8,4,2,0,7,2,8,2,7,1,8
13162,A,1,3,2,1,1,6,2,1,1,6,2,8,1,6,1,7
13163,C,1,0,1,1,0,6,7,6,8,7,6,14,0,8,4,10
13169,Y,8,13,6,8,4,6,8,4,4,10,7,5,3,10,4,4
13173,Y,6,10,6,8,4,4,9,1,8,10,10,6,1,10,3,4
13174,Y,1,1,2,1,0,8,10,3,1,6,12,8,1,11,0,8
13180,C,2,4,3,3,1,6,8,7,7,8,8,13,1,10,4,10
13182,A,4,5,6,8,2,8,4,3,2,7,1,8,3,7,2,8
13193,Y,3,5,4,4,2,4,10,2,7,11,10,6,1,11,3,5
13196,Y,6,7,8,10,10,9,9,4,2,4,8,9,5,13,10,10
13208,C,7,14,5,8,4,6,9,4,4,9,8,9,4,9,9,10
13212,C,9,15,7,8,5,8,7,5,3,8,8,10,4,9,8,13
13222,C,6,11,8,8,9,5,6,3,5,8,6,12,6,9,3,9
13234,Y,2,3,3,1,1,8,11,1,6,5,11,9,1,11,1,8
13257,C,3,6,4,4,2,6,7,6,7,7,6,12,1,8,4,10
13259,Y,2,3,3,1,1,4,11,2,6,11,10,5,0,10,1,5
13260,A,5,9,7,7,5,8,2,2,2,6,2,7,3,8,4,7
13272,A,2,2,4,3,2,7,2,1,2,6,2,8,2,6,2,7
13274,A,5,10,8,8,6,6,5,2,4,4,2,7,6,7,6,4
13296,A,2,0,3,1,0,8,4,2,0,7,2,8,2,6,1,8
13304,A,6,13,6,8,4,12,2,5,1,12,2,10,3,2,3,10
13306,C,5,7,5,5,3,5,7,5,7,11,9,14,2,9,3,8
13317,A,3,7,5,5,3,12,3,2,2,9,1,8,2,6,2,7
13319,C,4,8,5,6,2,5,8,6,8,11,9,13,1,9,3,7
13339,Y,3,2,5,3,2,7,10,1,7,7,11,8,1,11,2,8
13343,Y,2,1,4,2,1,7,11,1,7,7,11,8,1,11,2,8
13356,Y,1,1,2,1,0,7,10,2,2,7,12,8,1,11,0,8
13364,C,2,7,3,5,1,5,7,7,8,7,6,14,1,8,4,9
13378,Y,2,1,4,2,1,8,11,1,7,5,11,9,1,11,2,8
13382,A,3,7,5,5,3,11,2,3,2,10,2,9,2,6,3,9
13397,C,2,7,3,5,2,5,8,7,8,6,7,14,1,8,4,9
13399,A,2,6,4,4,2,7,4,2,0,6,2,8,2,6,1,7
13415,A,3,11,6,8,2,6,6,3,1,6,0,8,2,7,2,7
13425,Y,3,5,4,4,2,4,11,2,7,11,10,6,1,11,2,5
13448,Y,5,7,7,9,8,10,10,5,3,6,7,8,6,11,8,5
13459,Y,2,2,4,3,1,6,10,1,6,8,11,9,1,11,2,8
13464,A,4,5,6,4,4,9,8,3,4,6,7,7,4,9,4,6
13468,A,3,8,5,5,2,8,6,3,1,7,0,8,2,7,1,8
13475,A,2,7,4,4,1,8,4,3,1,7,1,8,2,6,2,8
13485,A,3,7,5,5,3,11,2,3,3,10,2,10,2,6,2,8
13488,C,3,4,4,3,2,4,9,5,8,11,9,11,1,9,3,7
13492,Y,5,11,7,8,7,8,7,5,4,7,7,8,6,8,8,3
13493,C,6,10,6,8,3,3,8,5,8,10,10,14,1,7,3,7
13505,Y,1,3,2,1,1,8,10,1,6,5,10,8,1,11,1,8
13506,A,9,15,7,8,4,8,2,3,2,8,4,12,5,5,5,7
13511,C,6,12,4,6,2,6,9,6,8,11,8,10,2,8,5,9
13519,Y,5,8,6,6,3,4,10,2,8,11,11,6,1,11,3,4
13521,C,5,10,6,8,2,6,7,7,10,6,6,15,1,8,4,9
13539,A,2,3,3,2,1,10,2,2,1,8,2,9,2,5,1,9
13540,C,4,8,5,6,2,5,9,7,8,12,9,11,1,10,3,7
13543,Y,5,9,5,6,3,3,10,2,6,10,12,7,2,11,2,5
13548,Y,3,5,6,7,1,6,11,2,3,9,12,8,1,10,0,8
13553,Y,3,8,6,6,3,7,9,1,6,6,11,8,2,11,2,8
13558,Y,4,6,6,8,6,10,11,5,4,6,7,7,5,10,7,4
13563,Y,3,4,5,5,1,8,12,2,3,6,12,8,1,10,0,8
13567,A,6,9,6,4,3,11,0,4,1,11,5,13,4,5,4,11
13571,Y,5,6,7,8,1,6,11,3,2,9,12,8,1,11,0,8
13582,A,3,6,4,4,3,8,2,2,2,7,2,8,2,6,2,7
13586,A,4,9,6,7,6,8,7,8,4,7,6,8,3,8,8,4
13593,C,4,8,5,6,3,6,7,6,7,12,8,11,2,10,4,7
13608,C,9,14,7,8,5,8,6,5,3,9,8,10,6,8,9,10
13617,A,3,6,5,4,3,8,2,2,2,7,2,8,2,6,2,7
13620,A,2,1,4,2,1,7,2,2,2,6,2,8,2,6,2,7
13622,C,3,5,4,3,2,6,8,7,8,8,8,13,1,9,4,10
13647,Y,10,9,8,13,5,8,9,3,3,6,11,5,4,10,7,7
13656,Y,4,4,6,6,6,10,9,5,3,7,7,7,5,10,6,5
13660,A,4,6,7,8,2,8,6,3,1,7,0,8,3,7,2,8
13686,Y,2,3,3,2,1,6,10,1,6,8,11,8,1,11,2,8
13688,C,6,11,7,8,9,7,5,4,4,8,7,11,6,10,5,8
13691,A,4,11,7,8,5,12,2,2,2,10,2,9,2,6,3,8
13696,Y,3,5,4,3,2,4,11,2,7,11,10,6,1,11,2,5
13700,A,6,9,5,4,2,11,3,3,1,9,3,10,4,5,4,10
13701,C,4,9,6,7,4,7,8,8,6,6,6,9,4,7,4,8
13703,A,1,1,2,1,0,7,4,2,0,7,2,8,2,7,1,8
13714,Y,3,8,5,5,1,6,12,2,3,9,12,7,1,10,0,8
13726,A,6,10,5,5,3,12,5,4,1,8,3,9,5,6,4,10
13732,Y,9,14,8,8,5,4,9,4,3,11,10,6,4,11,4,5
13733,C,4,7,6,5,6,6,6,4,4,8,6,11,6,9,3,9
13737,C,4,9,5,6,2,6,8,7,11,5,6,13,1,7,4,9
13757,Y,2,2,3,3,1,7,10,1,7,7,11,8,1,11,2,8
13758,C,2,4,3,2,1,4,9,4,7,12,10,10,1,9,2,7
13764,A,3,5,5,8,2,7,6,3,1,6,0,8,2,7,1,8
13795,C,5,10,6,7,3,5,9,7,8,6,8,14,1,7,4,9
13816,C,4,10,5,8,4,6,7,6,8,5,7,12,1,7,4,9
13821,A,2,4,4,3,2,8,2,2,1,7,2,8,2,7,3,6
13827,C,7,11,7,8,5,6,6,6,7,13,8,13,4,9,4,6
13851,Y,5,7,5,5,2,3,10,2,7,11,11,6,1,11,2,5
13854,A,2,1,4,2,1,9,2,2,1,8,2,8,2,6,2,7
13855,C,4,9,4,4,3,7,7,4,3,9,8,10,3,9,8,10
13871,C,3,4,5,7,2,5,8,7,10,6,7,12,1,7,4,8
13873,Y,3,5,5,8,6,7,11,3,3,7,8,9,3,11,7,5
13876,Y,3,9,4,7,2,6,11,0,4,8,11,8,0,10,0,8
13878,C,2,4,3,3,1,4,8,4,7,10,9,13,1,8,2,7
13882,C,5,5,6,7,2,5,7,6,11,7,6,14,1,8,4,9
13887,A,2,4,4,3,2,11,2,2,2,9,2,9,2,6,1,8
13890,A,3,8,5,6,3,10,3,2,3,9,1,8,2,6,2,8
13892,Y,2,3,4,4,2,7,10,1,7,7,11,8,1,11,2,8
13895,C,5,11,6,8,2,5,7,7,11,7,6,13,1,9,4,8
13912,A,1,0,2,0,0,8,3,2,0,7,2,8,2,6,1,8
13917,C,3,6,4,4,1,5,7,7,10,6,6,13,1,8,4,8
13926,A,2,1,3,1,1,7,4,2,0,7,2,8,2,7,1,7
13942,A,4,9,6,6,5,10,3,1,2,7,3,9,5,5,3,7
13949,A,2,4,4,3,2,7,2,2,2,7,2,8,2,6,3,7
13969,Y,5,10,8,7,4,8,10,1,8,5,12,8,1,11,2,8
13972,A,4,9,6,7,5,8,2,3,1,7,2,8,5,8,6,7
13996,Y,2,3,2,2,1,5,10,1,6,10,9,6,1,11,2,5
14007,C,2,3,3,4,1,5,7,6,8,7,6,13,1,8,4,9
14011,Y,7,9,8,7,4,2,10,3,7,12,12,7,1,11,2,5
14016,A,4,11,6,8,3,7,4,3,2,6,1,8,3,6,3,8
14025,Y,4,9,6,6,4,10,10,1,7,3,11,8,1,11,2,9
14033,A,4,10,7,8,5,11,3,1,2,8,2,9,6,4,3,8
14048,Y,4,5,5,7,7,9,8,5,3,6,8,8,7,11,7,4
14073,C,4,8,5,6,3,6,8,8,8,9,8,13,2,10,4,9
14075,Y,4,6,4,4,2,4,10,2,7,11,11,6,1,10,2,4
14092,Y,5,8,5,6,3,3,10,2,7,11,11,6,1,11,2,5
14102,C,5,8,5,6,4,6,7,6,6,12,8,11,2,11,4,7
14108,Y,4,10,6,8,3,6,10,2,2,7,12,8,1,11,0,8
14109,C,7,9,5,5,2,7,9,6,7,12,7,8,1,8,6,9
14127,C,6,10,9,7,6,7,8,8,6,5,6,13,5,8,4,7
14132,Y,3,4,4,3,2,4,10,1,7,10,10,6,2,10,3,3
14154,Y,3,6,4,4,2,4,10,1,6,9,10,5,1,11,3,4
14155,A,2,3,3,2,1,9,2,1,1,8,2,9,1,6,1,8
14176,C,6,8,6,6,3,4,9,6,9,13,10,10,1,9,3,7
14178,Y,3,7,5,5,2,7,11,1,8,6,12,8,1,11,2,8
14179,Y,4,6,4,4,2,2,11,3,5,11,12,7,2,11,2,5
14185,Y,1,3,2,2,1,8,10,1,6,5,10,8,1,11,1,8
14189,A,3,5,6,4,2,8,2,2,2,7,1,8,2,7,2,7
14191,C,1,0,2,1,0,6,7,6,9,7,6,14,0,8,4,10
14199,A,2,7,4,4,1,8,6,3,0,7,0,8,2,7,1,8
14205,Y,3,4,5,5,1,7,10,2,2,8,12,8,1,11,0,8
14211,Y,5,6,5,4,2,3,12,5,5,13,11,6,1,11,1,6
14215,Y,1,0,2,0,0,7,9,2,2,6,12,8,1,10,0,8
14221,Y,5,6,6,8,9,8,6,7,4,7,7,8,10,9,4,5
14223,A,4,10,5,5,4,9,5,5,2,10,6,11,6,5,5,10
14232,Y,5,8,7,6,4,9,10,1,7,3,11,8,2,12,2,9
14257,A,4,8,6,7,7,10,8,3,4,6,7,6,5,9,5,5
14259,C,6,11,6,8,4,5,7,7,8,12,9,14,2,10,4,7
14276,C,7,13,5,7,4,7,7,4,3,9,8,11,4,9,9,11
14308,Y,1,3,3,1,1,7,11,1,6,7,11,8,1,11,1,8
14328,Y,5,9,5,6,3,3,10,2,7,11,11,6,0,10,2,4
14329,A,7,12,6,7,3,12,2,3,1,10,4,11,4,4,4,9
14342,C,4,8,5,6,3,8,7,7,6,6,7,9,4,8,3,9
14350,A,4,7,5,5,3,7,5,3,0,7,1,8,2,7,1,8
14354,A,3,2,5,3,2,8,2,2,2,6,1,8,2,6,2,7
14357,C,2,3,3,4,1,6,7,7,9,9,6,13,1,9,4,9
14358,Y,7,8,7,6,4,3,11,2,7,12,11,6,0,10,2,5
14362,A,3,5,4,4,3,8,8,2,4,7,8,8,4,9,3,6
14380,A,4,9,6,6,5,6,5,3,3,4,1,6,4,5,4,6
14381,Y,5,6,6,4,2,4,10,2,7,10,11,5,2,11,3,4
14386,A,3,10,6,7,2,7,3,3,3,7,1,8,3,6,3,7
14388,Y,2,3,3,2,1,8,10,1,6,6,11,8,1,11,2,7
14403,Y,8,13,7,7,4,7,7,5,3,10,8,5,4,9,5,4
14406,A,2,4,4,3,2,11,2,3,2,11,2,10,2,6,2,9
14408,Y,4,9,7,7,3,7,11,1,8,6,12,8,1,11,2,8
14409,C,6,10,5,5,3,7,8,4,3,9,8,10,4,9,8,10
14413,C,4,7,5,5,5,5,7,3,5,8,6,11,6,9,4,9
14432,A,3,7,5,4,2,7,4,3,1,6,1,8,3,6,2,7
14437,A,2,3,3,1,1,11,2,3,1,9,2,9,1,6,2,8
14440,Y,6,9,5,4,3,6,8,4,5,10,7,5,3,9,4,4
14448,A,3,4,5,3,2,8,2,2,2,7,2,8,2,6,3,6
14457,C,4,9,5,7,4,6,7,6,8,5,8,11,1,7,4,9
14470,Y,5,9,6,7,2,9,11,2,2,6,12,8,1,11,0,8
14474,Y,3,4,4,3,2,4,10,2,7,10,10,6,2,11,4,3
14485,C,5,9,5,7,3,3,8,5,8,11,10,13,1,9,3,7
14490,A,1,1,2,1,0,8,4,2,0,7,1,8,2,7,1,8
14502,Y,3,9,5,7,2,7,10,1,3,7,12,8,1,11,0,8
14506,A,6,8,8,7,7,6,7,3,5,7,8,10,8,11,4,7
14515,A,3,5,5,8,2,8,5,3,1,7,0,8,2,7,2,8
14536,C,6,9,6,7,3,5,8,7,8,13,9,9,2,11,3,6
14537,C,2,1,3,2,1,6,8,7,7,9,7,12,1,10,3,9
14539,A,4,11,6,8,4,12,2,3,3,11,1,9,3,7,3,9
14540,A,6,11,8,8,8,8,7,6,5,6,6,9,6,8,7,3
14565,A,3,8,5,6,4,11,3,1,2,8,3,9,3,5,2,8
14586,Y,3,5,4,3,2,4,10,1,7,10,10,6,1,11,3,4
14593,C,5,10,5,8,3,4,10,7,8,12,10,9,2,9,2,6
14600,Y,4,5,5,7,6,9,9,6,3,6,8,8,5,10,6,4
14625,C,4,11,5,8,3,6,8,9,8,10,8,11,2,12,4,9
14628,Y,2,3,4,4,1,9,10,2,2,6,12,8,2,11,0,8
14632,C,4,7,5,6,5,6,7,4,4,7,6,10,4,10,7,11
14633,C,2,5,3,3,2,6,8,7,8,8,7,13,1,9,4,10
14642,C,4,7,5,5,3,6,7,6,8,7,6,11,1,9,4,9
14644,A,2,6,3,4,2,11,3,3,3,11,2,10,2,6,3,8
14658,A,2,7,4,5,3,10,3,1,2,7,3,9,1,5,1,7
14675,A,3,8,5,6,3,12,2,3,2,10,2,9,2,6,2,8
14682,Y,6,11,6,8,3,3,10,2,7,11,12,6,2,11,3,5
14692,Y,3,4,4,6,1,6,12,2,3,9,12,8,0,10,0,8
14694,A,3,3,5,4,2,6,3,3,2,6,2,8,3,6,3,7
14703,Y,5,6,5,4,3,4,9,1,7,10,10,6,1,10,2,4
14704,A,8,15,6,8,4,9,3,3,2,8,4,11,6,4,5,8
14718,A,4,7,5,5,3,8,2,2,2,7,2,8,2,7,3,6
14760,A,2,3,4,2,1,8,2,2,2,7,2,8,2,6,2,7
14761,Y,4,8,6,6,6,9,4,7,4,7,9,7,3,9,8,4
14762,Y,3,4,4,2,2,4,11,2,7,11,10,5,1,11,2,5
14774,A,3,8,5,6,3,6,5,3,0,6,1,8,2,6,1,7
14775,A,3,2,5,4,2,8,2,2,2,7,1,8,2,6,2,7
14797,C,4,10,5,7,3,6,8,7,7,13,8,8,2,11,3,7
14806,A,7,10,9,8,8,7,7,7,4,7,6,9,4,8,11,1
14808,C,5,9,4,5,3,7,6,4,4,9,9,11,4,10,9,10
14815,C,4,7,5,5,3,3,8,5,7,10,9,14,1,8,3,8
14823,Y,3,4,4,3,2,4,11,2,7,11,10,5,1,11,2,5
14832,Y,5,10,7,8,4,4,9,1,8,11,12,9,1,11,2,6
14849,A,3,11,6,8,2,9,5,3,1,8,1,8,3,7,2,8
14853,A,3,5,5,3,2,8,2,2,2,7,1,8,2,6,2,7
14872,A,4,8,7,6,5,9,5,2,5,10,2,6,2,6,3,8
14875,A,1,3,2,2,1,9,2,2,1,8,2,8,1,6,1,8
14882,C,2,1,3,2,1,6,7,6,9,7,6,14,0,8,4,9
14900,C,4,7,5,6,6,6,5,4,5,7,5,11,5,10,7,11
14925,C,7,10,8,8,5,4,8,6,7,12,10,12,2,11,3,7
14929,Y,6,8,6,6,3,4,10,3,7,11,11,5,1,11,3,4
14938,A,4,10,6,7,2,9,4,3,2,8,1,8,3,7,3,8
14951,C,3,9,4,7,3,6,8,8,7,10,7,12,2,10,4,10
14953,A,2,4,4,3,2,10,2,2,2,9,2,9,2,6,2,8
14963,Y,6,6,5,9,3,7,9,2,2,7,10,5,4,10,5,6
14975,C,6,11,8,8,9,8,6,5,3,8,7,11,10,8,6,5
14985,Y,8,10,8,8,4,2,12,5,5,13,12,6,1,11,2,5
14993,C,7,11,9,8,6,7,7,8,6,6,7,11,4,7,4,9
15019,C,5,7,6,5,6,5,6,4,4,7,7,9,5,10,4,8
15024,A,5,10,5,5,3,11,2,4,1,11,4,11,4,3,4,10
15037,A,6,9,5,5,3,8,3,3,2,7,4,12,5,5,4,7
15041,A,3,7,5,5,3,6,3,2,2,4,2,7,2,5,2,6
15064,A,4,9,6,7,6,8,9,8,5,6,5,8,3,6,7,5
15073,C,4,11,5,8,2,5,7,7,10,7,7,13,1,8,4,9
15077,A,3,6,6,4,3,7,5,2,3,6,2,6,2,6,3,5
15079,Y,3,10,5,7,1,7,10,2,2,7,13,8,1,11,0,8
15080,A,7,11,5,6,3,10,0,2,2,10,4,12,3,4,3,8
15101,Y,4,8,6,6,2,4,10,2,8,10,13,9,1,11,2,7
15127,Y,3,2,5,3,2,5,10,1,7,9,12,9,1,11,2,7
15144,A,2,9,4,6,2,6,5,3,1,6,0,8,2,7,2,7
15168,A,4,11,6,8,2,7,6,3,1,7,0,8,3,7,1,8
15170,Y,8,8,7,12,5,6,5,6,5,6,11,7,5,10,4,7
15174,Y,9,8,8,12,5,10,11,1,4,7,10,5,4,10,5,10
15176,A,4,10,7,7,2,7,7,3,0,6,0,8,2,7,2,8
15178,Y,5,7,6,5,5,8,5,7,6,5,8,8,3,9,9,5
15180,C,5,8,7,6,4,7,8,8,6,4,7,13,5,8,4,8
15188,A,3,5,5,4,2,7,2,1,2,6,2,8,3,5,3,7
15195,Y,6,9,6,7,3,4,9,2,8,10,11,6,2,10,4,3
15197,Y,2,5,4,4,2,7,10,1,6,7,11,8,1,11,2,8
15213,C,6,8,6,6,3,5,8,6,8,13,9,9,2,11,2,7
15217,Y,3,4,5,6,6,9,7,5,3,7,7,7,6,9,6,4
15229,C,4,7,5,5,3,5,8,7,7,8,8,14,2,9,4,10
15235,A,2,7,4,5,2,8,4,2,1,7,1,8,2,6,1,8
15236,C,1,0,1,0,0,7,7,5,7,7,6,13,0,8,4,10
15241,A,4,11,7,8,4,12,4,3,3,9,1,9,3,8,3,9
15246,A,3,11,5,8,4,11,4,2,3,9,2,9,3,7,3,7
15250,A,6,11,6,6,4,12,3,5,2,11,3,10,6,4,4,10
15264,Y,4,6,6,4,5,8,5,6,5,8,7,8,5,8,4,6
15295,A,3,8,5,6,3,11,2,2,2,9,2,9,2,6,3,7
15304,A,2,1,3,1,0,7,4,2,0,7,2,8,2,7,1,8
15315,Y,5,8,5,6,2,3,11,3,7,13,11,6,1,10,2,5
15330,A,6,14,5,8,4,9,4,3,2,8,4,11,6,6,4,8
15351,Y,5,8,5,6,3,3,10,3,6,12,12,7,1,11,2,5
15354,C,2,3,2,1,1,5,8,5,6,11,9,11,1,9,3,8
15358,C,3,3,4,5,2,6,6,7,9,9,5,13,1,9,4,8
15360,A,4,10,6,8,4,7,5,3,1,7,1,8,2,7,2,8
15361,A,3,9,5,6,3,10,3,2,2,8,3,10,2,6,3,7
15374,Y,1,1,2,1,1,9,11,1,6,6,11,7,1,11,1,8
15378,A,7,10,10,9,8,6,8,3,6,7,8,10,6,8,4,8
15384,C,4,6,4,4,2,5,9,6,8,12,10,11,1,9,2,7
15392,A,3,7,5,5,3,12,3,3,2,10,1,9,2,6,2,8
15393,C,4,6,6,4,5,7,6,4,4,8,7,11,5,9,3,8
15405,A,3,8,5,6,3,11,3,2,2,8,2,9,2,5,2,8
15406,C,8,12,5,7,2,6,8,7,8,10,7,12,2,9,5,9
15417,A,6,11,8,9,9,8,7,8,3,7,6,8,3,8,9,3
15423,Y,4,11,6,8,2,9,10,1,3,6,12,8,1,11,0,8
15442,Y,3,4,5,6,4,9,10,7,4,7,7,6,4,10,5,5
15444,A,3,9,5,6,4,8,2,1,2,7,2,7,2,7,3,6
15447,A,4,11,6,8,4,12,2,4,3,11,1,9,3,7,3,9
15448,A,3,7,5,5,3,11,2,2,2,8,3,9,3,5,3,8
15452,C,3,8,4,6,2,5,8,7,8,7,8,14,1,8,4,10
15459,Y,5,7,6,5,3,5,9,2,9,9,10,4,1,11,4,4
15468,A,4,8,6,6,3,9,3,2,3,8,1,8,2,6,3,7
15474,Y,8,9,8,7,5,5,8,1,8,8,9,5,4,11,6,4
15476,C,3,6,4,6,4,4,8,3,5,7,6,11,3,10,7,7
15478,A,3,10,5,8,3,13,4,5,3,12,0,8,2,6,3,9
15503,C,7,10,7,8,5,3,8,5,7,10,10,14,3,9,4,6
15511,C,3,6,4,4,2,3,9,5,7,11,11,11,1,8,2,7
15520,C,4,10,5,8,2,6,8,7,10,4,6,13,1,7,4,8
15535,C,2,1,3,2,1,6,7,6,10,7,6,14,0,8,4,9
15562,Y,4,8,5,6,2,6,10,2,2,7,12,8,2,11,0,8
15566,C,6,9,4,4,2,7,9,6,6,11,7,8,2,9,5,9
15571,C,1,0,2,0,0,7,7,5,7,7,6,13,0,8,4,10
15576,A,2,5,4,4,2,10,2,2,2,9,2,9,2,6,2,8
15583,A,3,8,6,5,2,8,5,3,1,7,1,8,2,7,2,8
15584,A,4,11,7,8,6,10,3,1,2,8,3,9,5,5,3,7
15585,Y,3,5,4,6,5,9,9,5,3,6,7,8,5,10,7,6
15592,Y,5,10,8,8,4,10,11,2,8,3,11,8,1,11,2,9
15632,A,3,6,5,4,3,8,3,2,2,6,2,7,2,6,2,6
15652,A,1,0,2,0,0,7,4,2,0,7,2,8,2,7,1,8
15661,C,2,1,3,2,1,6,7,6,10,7,6,14,0,8,4,9
15666,C,4,6,5,4,2,5,8,5,7,12,9,12,2,10,3,8
15685,Y,3,5,5,7,5,9,10,5,4,7,7,7,5,11,6,5
15689,Y,3,7,5,5,2,8,10,1,2,6,12,8,1,11,0,8
15695,Y,2,9,4,6,1,7,10,1,3,7,12,8,1,11,0,8
15698,Y,2,3,2,1,1,5,10,2,7,10,9,4,1,11,2,5
15704,Y,8,11,6,15,5,4,11,2,4,11,10,6,4,10,6,6
15707,A,5,11,7,8,5,7,4,3,0,7,1,8,3,8,3,7
15708,C,4,6,5,4,5,6,6,4,4,7,6,11,5,9,3,8
15711,A,3,5,5,5,4,8,8,2,4,7,7,8,5,9,4,7
15721,Y,5,9,5,5,3,6,7,4,5,9,7,5,3,10,5,4
15722,C,5,9,4,4,3,7,10,3,4,9,7,9,3,8,6,10
15745,Y,3,8,5,6,2,7,10,0,3,7,11,8,1,10,0,8
15749,Y,4,10,6,8,6,9,3,7,5,7,8,8,3,10,5,4
15768,A,2,4,4,3,2,9,2,2,2,9,2,8,2,6,3,8
15778,A,5,11,8,8,5,12,2,3,3,10,1,9,3,7,4,8
15780,C,5,9,6,6,3,5,8,8,9,9,8,13,2,10,4,9
15785,A,4,11,7,8,4,11,2,2,3,9,2,9,5,6,3,9
15786,A,2,6,3,4,2,9,5,2,0,8,2,8,2,6,1,8
15791,Y,2,8,4,5,1,9,10,2,3,6,12,8,1,11,0,8
15802,A,6,10,7,7,7,8,8,6,5,6,5,8,5,7,7,5
15808,A,2,3,4,5,1,8,6,3,1,7,0,8,2,7,1,8
15817,Y,4,10,6,8,4,5,9,0,7,8,12,9,1,11,2,7
15820,Y,5,4,6,6,6,9,10,5,3,6,7,7,5,11,7,4
15822,A,2,4,4,3,2,10,2,2,2,9,2,9,2,6,2,8
15823,Y,5,10,5,7,2,3,11,4,6,12,12,6,1,11,2,6
15826,A,5,11,8,8,5,9,3,2,3,8,1,8,2,7,3,7
15832,A,5,9,6,7,4,9,4,3,1,8,1,9,2,7,3,8
15837,A,7,11,6,6,3,11,2,3,1,9,4,11,4,4,4,9
15845,C,3,4,4,6,1,5,7,6,9,7,6,14,1,9,4,9
15861,A,3,8,5,6,2,7,6,3,1,7,0,8,2,7,1,8
15881,Y,3,6,5,9,8,9,7,4,1,6,7,9,4,11,7,8
15882,Y,3,6,5,4,1,8,10,2,2,7,13,8,2,11,0,8
15885,C,6,10,7,7,4,5,7,6,8,11,9,14,2,9,4,5
15892,C,3,4,4,3,2,4,8,4,7,10,10,13,1,9,2,7
15894,A,1,0,2,1,0,8,4,2,0,7,2,8,1,7,1,8
15901,A,2,3,3,2,1,10,2,2,1,9,2,9,1,6,1,8
15913,Y,2,6,4,4,1,9,11,1,7,4,11,8,1,10,1,8
15914,Y,6,8,6,6,4,4,9,1,8,10,10,6,0,10,3,4
15916,Y,6,7,8,9,8,10,10,5,3,6,7,8,6,11,8,4
15928,C,2,4,3,3,2,6,8,7,7,8,8,13,1,10,4,10
15971,A,6,10,9,8,9,8,8,8,4,6,6,8,3,8,8,4
15980,Y,3,3,5,4,1,7,11,2,2,7,12,8,1,11,0,8
15984,A,3,9,6,7,5,8,5,0,4,6,3,7,2,7,4,5
16000,C,2,1,3,2,1,6,8,7,7,8,8,13,1,9,4,10
16008,Y,1,0,2,0,0,7,10,3,1,7,12,8,1,11,0,8
16019,Y,6,7,6,5,2,3,12,5,5,13,12,6,2,11,2,6
16029,Y,3,7,4,5,2,8,10,2,2,6,12,8,2,11,0,8
16033,C,4,7,5,5,3,6,7,6,8,5,6,13,1,6,5,9
16036,C,1,0,1,0,0,7,7,5,7,7,6,14,0,8,4,10
16043,A,3,6,5,4,1,9,4,3,1,7,1,8,3,6,2,8
16049,A,4,6,5,4,5,7,6,7,4,7,6,9,2,9,8,4
16050,A,4,9,6,7,4,10,3,2,2,8,2,10,5,5,3,8
16059,Y,5,8,5,6,3,5,9,1,7,9,9,5,1,11,3,5
16074,A,4,9,3,4,2,11,5,4,1,8,4,9,4,6,4,9
16089,C,5,9,6,6,3,4,8,6,8,12,10,12,2,9,3,7
16098,C,4,8,4,6,3,6,8,6,7,12,8,12,2,10,3,8
16112,A,6,7,8,6,6,7,7,3,6,7,8,9,5,10,3,6
16115,Y,4,7,6,9,7,9,10,7,4,7,7,6,5,11,6,3
16127,A,2,6,4,4,2,8,3,2,2,7,1,8,2,7,3,7
16134,C,5,9,7,7,5,7,7,8,6,7,6,13,6,8,5,7
16144,A,3,5,6,4,2,10,2,2,2,8,2,9,4,6,2,9
16146,Y,4,11,6,8,3,6,10,1,7,7,12,9,1,11,2,8
16165,A,4,9,7,7,4,9,3,2,3,6,1,7,2,6,2,7
16222,C,7,10,9,8,6,6,8,8,6,5,6,13,6,8,5,6
16230,A,2,8,4,6,2,7,6,3,1,6,0,8,2,7,1,7
16236,A,4,5,6,4,5,7,8,3,5,7,8,9,7,10,3,7
16245,A,2,7,4,4,1,7,6,3,1,6,0,8,2,6,1,8
16248,Y,8,11,8,8,5,3,10,2,7,11,11,6,1,11,3,4
16253,Y,4,8,6,6,3,7,9,1,7,6,12,9,2,11,2,8
16267,A,4,11,6,8,3,5,4,3,3,5,1,7,3,6,3,7
16274,Y,4,6,6,9,9,8,4,5,3,7,8,8,7,8,5,8
16280,Y,3,7,6,5,2,9,10,2,7,3,12,8,2,11,2,9
16310,A,2,2,4,3,2,8,3,2,3,8,1,8,2,6,2,7
16332,A,4,11,6,8,4,7,5,3,0,6,1,8,2,7,1,8
16346,A,5,11,8,8,4,10,2,2,3,9,1,8,3,7,4,8
16348,A,4,10,6,8,5,12,3,2,2,9,2,8,2,6,2,8
16353,C,4,9,6,8,6,6,7,4,4,7,6,10,5,9,9,11
16356,A,5,11,7,8,7,8,7,7,4,7,6,9,3,8,8,3
16362,Y,8,10,8,7,5,2,11,2,7,12,12,7,0,10,1,5
16364,Y,1,0,1,0,0,7,10,2,2,7,12,8,1,11,0,8
16365,Y,1,0,2,0,0,7,10,1,3,7,12,8,1,11,0,8
16369,A,2,4,4,6,2,7,3,3,3,7,1,8,3,6,3,8
16373,C,3,6,4,4,1,6,7,6,10,7,6,13,1,8,4,9
16379,A,3,4,5,3,2,10,2,2,2,9,2,9,2,6,2,8
16382,C,5,8,6,6,6,5,6,3,5,8,6,12,6,9,4,9
16404,C,4,8,6,6,5,6,6,3,4,8,6,11,6,9,3,9
16406,Y,6,9,8,6,7,8,4,6,5,8,7,8,8,9,4,6
16421,C,1,0,1,1,0,6,7,6,8,7,6,14,0,8,4,10
16423,Y,4,7,6,5,2,5,10,2,8,10,12,8,1,11,2,7
16426,A,2,7,4,5,2,10,3,2,2,9,2,9,2,6,2,8
16428,A,3,11,6,8,3,11,2,3,3,10,1,9,3,7,3,8
16439,Y,1,0,2,0,0,7,10,3,1,7,12,8,1,11,0,8
16468,Y,2,4,4,3,1,7,11,1,7,7,11,8,1,11,2,8
16474,A,3,7,5,5,3,12,2,2,2,10,2,9,2,6,3,8
16481,A,2,6,4,4,2,12,3,4,2,11,1,8,2,6,2,9
16486,Y,2,1,4,3,2,8,11,1,7,5,11,8,1,11,2,8
16490,A,3,8,6,6,3,11,2,2,3,9,2,9,3,5,3,8
16495,Y,9,10,7,14,6,6,6,6,4,6,12,6,5,10,6,5
16501,A,3,3,5,5,2,9,4,3,1,8,1,8,2,7,2,8
16535,A,3,8,5,6,2,8,5,3,1,7,0,8,2,7,2,8
16537,Y,3,8,5,6,1,4,10,3,2,9,13,8,2,11,0,8
16541,C,1,0,2,1,0,6,7,6,8,7,6,14,0,8,4,10
16546,Y,7,9,7,7,3,3,10,4,7,12,12,6,2,11,2,6
16556,C,2,1,3,2,1,6,8,7,8,8,7,13,1,9,4,10
16567,Y,6,7,6,5,3,5,9,1,9,10,10,5,1,10,4,3
16573,A,5,11,7,8,3,9,3,3,3,7,2,9,3,7,3,9
16578,A,1,1,2,1,0,7,4,3,0,7,1,8,2,7,1,8
16602,A,3,2,5,3,2,8,2,2,2,7,1,8,2,6,2,7
16610,A,2,8,4,6,3,13,3,4,2,11,1,8,2,6,3,9
16619,C,6,10,8,7,5,7,7,8,7,7,6,11,4,8,4,9
16648,C,3,6,4,4,2,5,9,6,7,12,9,11,2,10,3,7
16649,C,5,9,6,7,4,4,7,5,7,10,8,14,3,8,4,7
16661,Y,3,9,5,6,1,7,10,2,3,7,13,8,1,11,0,8
16670,A,4,11,7,8,3,7,4,3,2,7,1,8,3,6,3,8
16672,A,3,9,5,7,4,12,3,2,2,10,2,9,2,6,3,7
16684,Y,7,10,8,8,4,3,11,2,8,11,11,5,1,11,3,4
16700,Y,1,3,2,1,1,7,10,1,5,7,11,8,1,11,1,8
16708,A,3,8,5,6,5,8,7,7,4,7,6,9,5,7,7,4
16710,A,4,8,6,7,6,9,8,3,4,6,7,7,5,8,5,5
16712,A,4,10,5,7,4,7,5,3,0,7,1,8,2,7,3,8
16717,C,2,5,3,3,2,6,8,7,7,8,7,13,1,9,4,10
16719,Y,2,7,4,4,1,8,11,1,3,6,12,8,1,10,0,8
16722,C,5,9,5,7,3,4,8,6,8,12,10,12,1,9,3,7
16743,Y,4,10,7,7,1,7,10,3,2,7,13,8,2,11,0,8
16772,A,5,9,7,7,4,8,5,3,0,6,1,8,2,7,1,8
16782,C,3,6,5,5,4,6,6,4,5,7,6,11,4,10,7,10
16791,Y,3,5,4,7,7,8,5,4,2,7,7,9,5,10,4,7
16794,A,3,9,5,6,3,10,3,2,2,8,2,10,3,5,3,7
16798,Y,2,2,4,4,2,6,10,1,7,8,11,8,1,11,2,7
16806,A,4,9,3,4,2,13,3,4,1,10,3,10,3,5,3,10
16825,Y,4,6,6,8,7,9,9,6,3,7,7,8,6,11,7,4
16830,C,4,9,5,7,4,4,8,6,7,9,9,15,1,9,4,10
16832,Y,4,6,4,4,1,3,11,3,7,11,11,5,1,11,2,4
16844,A,3,1,5,3,2,8,2,2,2,7,1,8,2,7,2,7
16845,C,4,6,5,4,3,6,7,5,6,11,8,13,2,10,3,9
16856,C,9,13,7,7,5,7,9,4,4,9,8,9,3,9,8,11
16858,A,1,0,2,0,0,7,3,2,0,7,2,8,2,6,1,8
16862,Y,3,8,5,6,1,9,12,2,3,4,12,9,0,10,0,8
16882,Y,7,6,6,9,4,7,10,2,3,7,10,4,4,10,6,7
16887,C,6,11,6,8,3,5,8,7,8,13,10,11,2,10,3,7
16898,Y,6,8,6,6,3,5,9,0,8,10,9,6,0,10,3,4
16903,A,2,3,4,2,2,9,1,2,1,8,2,10,2,6,2,7
16906,Y,5,11,6,8,7,9,5,6,5,7,8,7,3,9,8,3
16907,C,4,7,5,5,2,5,8,7,8,7,8,14,1,8,4,9
16910,Y,5,9,5,6,2,3,11,3,6,12,11,5,1,11,2,5
16924,Y,3,7,5,5,2,7,10,2,2,7,12,8,1,11,0,8
16925,Y,4,5,5,3,2,4,10,2,8,10,10,5,3,11,4,3
16935,C,1,0,2,0,0,7,7,6,8,7,6,13,0,8,4,10
16945,C,2,3,3,2,1,4,8,4,6,10,9,12,1,9,2,8
16950,Y,9,8,7,12,5,8,6,6,6,4,11,7,5,9,3,8
16963,Y,7,9,7,7,2,3,12,6,6,14,11,5,2,11,2,6
16968,Y,8,11,8,8,5,3,11,2,6,11,11,6,1,11,2,5
16971,A,3,9,4,7,3,6,4,2,1,6,1,8,2,6,2,7
16990,A,3,6,5,8,2,7,6,3,1,7,0,8,3,7,1,8
16992,A,3,8,5,6,3,8,3,2,2,6,1,8,2,6,2,7
17003,C,5,11,6,8,4,3,8,6,6,12,10,13,2,9,3,7
17021,C,6,11,8,9,6,7,8,8,6,4,7,12,5,6,4,8
17022,C,3,5,4,7,2,5,7,7,10,7,5,14,1,8,4,9
17034,Y,7,9,8,7,4,3,10,2,7,10,12,7,2,11,2,6
17040,C,2,7,3,5,1,5,7,6,8,6,6,12,1,7,4,9
17052,Y,7,9,7,7,3,5,9,1,9,9,10,5,1,11,4,3
17056,A,6,8,8,7,7,8,7,4,6,7,9,6,5,11,4,5
17094,A,4,9,6,6,2,7,6,3,1,7,0,8,3,7,2,8
17098,Y,5,6,4,9,3,9,9,2,3,6,10,5,3,10,5,8
17105,Y,2,4,3,3,1,4,10,2,6,10,10,6,1,11,2,5
17107,C,3,6,4,4,2,6,8,8,8,9,8,13,2,10,4,9
17108,C,3,2,4,4,2,6,8,7,8,8,8,14,1,9,4,10
17124,A,1,1,2,1,0,7,4,2,0,7,2,8,2,7,1,8
17142,Y,6,7,6,5,3,4,9,1,8,10,10,6,1,10,3,4
17153,A,3,7,5,5,3,11,3,2,2,9,1,9,3,5,2,8
17154,A,2,6,4,4,2,10,3,1,2,8,3,9,2,6,2,8
17156,A,2,5,4,4,2,7,2,2,2,6,2,8,2,7,2,7
17157,Y,3,8,5,6,2,5,10,1,3,8,11,8,1,11,0,8
17169,Y,8,13,6,7,4,9,7,5,6,9,5,4,4,10,6,5
17172,A,2,7,4,5,3,11,2,2,2,9,2,9,2,6,2,7
17189,Y,3,3,4,2,1,4,11,2,7,11,10,5,1,11,2,5
17195,Y,3,6,4,4,1,8,11,2,2,5,12,8,1,11,0,8
17198,A,6,12,6,6,5,9,4,5,3,10,5,12,7,3,6,11
17210,C,5,11,6,8,5,5,7,6,9,8,5,13,1,9,4,9
17218,A,2,6,3,4,2,12,4,3,2,10,1,9,2,6,1,8
17221,Y,6,9,8,7,7,9,8,6,4,5,9,7,3,8,10,5
17225,C,4,7,5,5,3,7,9,8,6,5,6,12,4,8,3,8
17226,A,2,5,4,4,2,5,3,2,2,5,2,8,2,6,2,6
17238,C,9,14,6,8,3,5,11,6,9,12,8,7,2,8,6,8
17240,C,4,7,5,5,5,5,7,4,4,7,6,10,6,9,5,9
17266,A,4,10,6,7,2,5,4,3,2,5,1,7,3,7,3,7
17270,A,4,7,5,5,5,7,7,7,4,6,6,9,2,8,7,4
17274,C,3,6,4,4,1,6,7,6,9,6,6,13,1,7,4,8
17275,Y,3,5,4,4,2,4,10,2,7,11,11,6,1,11,2,5
17276,Y,6,9,6,4,3,7,6,4,4,9,9,5,3,10,4,4
17292,Y,6,8,8,11,12,8,9,4,2,7,8,9,4,11,9,8
17297,C,5,11,4,6,3,5,9,4,4,9,7,9,3,9,8,8
17299,C,3,7,4,5,2,5,8,6,7,11,8,13,1,9,3,8
17304,C,4,7,5,5,2,5,8,7,10,6,7,11,1,7,4,8
17323,Y,4,6,5,8,7,10,9,5,3,6,7,8,6,11,7,5
17324,A,4,9,6,6,2,8,4,3,2,7,1,8,3,6,3,8
17327,C,7,14,5,8,5,6,6,4,4,10,9,12,4,9,9,8
17342,Y,6,8,6,6,4,4,9,1,8,11,10,6,1,10,2,4
17370,C,4,9,5,6,2,6,8,7,10,4,6,14,1,7,4,9
17374,C,3,5,4,3,2,6,7,7,7,8,7,14,2,9,4,10
17375,Y,9,10,8,8,4,3,10,4,7,13,12,6,2,11,3,6
17379,C,2,1,2,2,1,6,8,6,7,8,7,13,1,9,3,10
17382,Y,3,3,4,1,1,4,10,2,7,10,10,5,1,10,3,4
17394,Y,3,8,6,6,3,5,9,2,6,8,12,10,2,11,2,7
17409,Y,1,0,2,1,0,7,9,1,2,6,12,8,1,10,0,8
17431,Y,3,7,5,5,4,8,6,5,4,6,8,7,2,8,8,4
17432,C,2,4,3,3,1,6,8,7,7,8,8,13,1,10,4,10
17433,Y,7,11,8,8,5,3,9,2,7,9,11,7,2,11,3,5
17434,Y,5,7,7,11,10,8,11,3,3,6,8,9,4,11,11,7
17439,C,4,9,5,7,2,5,7,7,10,7,7,12,1,8,4,8
17444,A,3,5,5,4,2,10,2,2,2,9,2,9,2,6,2,8
17450,Y,3,8,5,6,2,8,10,2,2,6,12,8,1,11,0,8
17452,Y,3,9,5,6,1,7,10,3,2,7,13,8,2,11,0,8
17454,Y,3,9,5,6,1,7,11,1,3,7,12,8,1,10,0,8
17474,A,3,5,6,4,3,11,1,2,2,9,2,9,3,7,3,9
17475,A,2,2,4,4,2,8,2,2,2,8,2,8,2,6,3,7
17480,Y,5,7,7,11,10,8,9,3,2,5,8,10,6,13,9,9
17481,C,5,10,4,5,3,8,7,4,2,8,8,10,3,9,7,13
17487,C,4,9,4,4,3,7,8,4,3,9,8,10,3,9,8,11
17510,C,4,10,6,8,5,8,6,9,6,8,6,11,4,9,4,8
17523,A,5,11,4,6,3,10,2,3,1,9,4,11,3,4,4,8
17527,C,3,4,4,6,2,6,7,7,9,8,5,13,1,9,4,9
17532,C,3,4,4,3,2,4,7,5,7,10,8,13,1,9,3,8
17538,C,5,10,6,7,4,5,7,7,10,7,6,11,2,8,5,11
17541,C,3,7,4,5,2,3,7,5,6,9,8,14,1,8,3,9
17543,A,4,9,6,6,2,6,4,3,1,6,1,8,3,7,2,7
17556,A,9,15,7,8,4,8,1,2,2,9,4,12,4,5,5,6
17560,C,2,6,3,4,1,4,7,7,9,7,6,11,1,9,4,9
17566,C,6,10,6,8,4,4,9,7,7,13,10,8,2,10,2,7
17567,A,3,4,6,6,2,7,5,3,1,7,0,8,2,7,2,8
17586,Y,2,5,4,4,2,6,10,1,7,7,11,9,1,11,2,9
17617,A,6,8,8,6,7,6,7,7,5,7,5,9,4,8,11,3
17621,C,3,9,4,7,2,5,7,7,9,6,6,13,1,7,4,8
17622,C,6,9,8,8,8,5,9,4,6,6,6,11,4,11,8,9
17628,Y,9,14,8,8,4,6,8,4,4,10,9,5,5,10,5,4
17638,Y,7,10,7,8,4,5,9,2,9,10,11,5,4,9,6,3
17642,C,5,7,5,5,3,6,8,6,8,12,8,12,2,10,3,7
17667,Y,5,6,7,9,10,8,4,5,3,7,8,9,8,8,6,8
17686,C,4,4,6,7,2,5,7,7,10,7,6,12,1,9,4,9
17699,A,5,9,5,5,3,10,2,4,2,11,5,12,5,3,5,10
17700,Y,2,1,3,3,1,8,11,1,7,6,11,7,1,11,2,7
17701,A,4,11,7,8,2,7,5,3,1,6,1,8,3,7,2,7
17720,C,4,7,4,5,2,4,7,6,7,9,8,15,1,8,3,8
17726,C,2,1,2,2,1,7,8,7,6,8,7,11,2,9,3,10
17760,A,2,5,4,4,3,9,8,3,4,6,7,8,4,8,4,6
17764,Y,4,6,6,8,1,8,12,2,3,7,12,8,1,10,0,8
17785,A,3,8,5,5,2,9,6,3,1,7,0,8,2,7,1,8
17809,A,3,8,4,6,3,8,3,2,2,7,1,8,2,6,2,7
17817,C,5,4,6,7,2,6,9,7,11,5,7,12,1,6,4,8
17830,C,4,8,5,6,5,5,7,4,5,7,7,9,7,9,5,9
17836,C,4,4,5,6,2,6,6,7,10,9,6,14,1,9,4,8
17852,C,3,6,5,4,4,6,6,3,4,8,6,11,5,9,3,8
17856,A,6,10,6,5,4,12,3,6,2,12,2,10,5,3,3,10
17893,A,3,4,5,3,2,10,1,3,2,10,2,10,2,6,3,8
17901,A,3,7,5,5,2,9,3,3,3,7,2,8,3,6,3,8
17909,Y,2,6,4,4,1,7,9,2,2,7,12,8,2,11,0,8
17918,A,5,10,5,5,3,11,4,4,2,11,3,10,6,4,4,10
17919,Y,9,13,8,7,5,8,7,4,6,9,5,5,4,9,6,5
17936,C,4,7,4,5,2,4,8,6,8,10,9,14,1,8,3,8
17944,A,2,3,4,2,2,7,2,1,2,7,2,8,2,7,2,7
17966,Y,6,11,6,8,3,2,11,4,5,12,12,7,2,11,2,6
17975,C,3,10,4,8,3,5,8,7,8,7,8,14,1,8,4,10
17976,A,2,1,3,1,1,7,4,2,0,7,2,8,3,6,1,8
17979,A,2,4,4,3,2,7,2,2,2,5,2,8,2,5,2,7
17984,Y,3,8,5,6,3,10,10,1,6,3,11,8,1,11,2,9
18004,Y,4,5,5,4,2,4,12,3,6,12,10,4,1,11,2,5
18016,A,4,10,7,7,6,10,5,2,5,10,2,5,3,6,6,8
18020,Y,7,13,6,7,4,8,7,4,6,9,6,5,3,9,5,5
18022,C,2,4,3,3,1,4,8,4,6,11,9,11,1,9,3,7
18025,C,3,7,4,5,2,4,8,7,7,7,8,14,1,8,4,10
18042,C,0,0,1,0,0,6,7,5,6,7,6,13,0,8,3,10
18048,C,5,9,7,7,8,7,5,4,3,7,7,11,8,9,4,7
18083,C,3,4,4,3,1,4,8,5,7,11,9,12,1,9,2,7
18084,A,5,10,7,8,5,7,3,2,3,4,2,7,2,6,2,6
18090,C,3,7,4,5,2,7,7,7,10,8,6,14,1,9,4,9
18113,A,5,10,7,8,8,8,7,8,4,6,6,8,3,8,8,3
18135,Y,2,7,4,5,2,7,10,2,2,7,11,8,1,11,0,8
18177,A,3,9,5,7,4,6,4,3,1,6,1,8,2,6,2,7
18186,C,4,10,5,8,3,5,8,7,8,7,8,15,1,8,4,9
18191,Y,8,8,7,12,5,5,5,7,4,6,12,6,5,10,4,8
18194,A,6,9,9,8,8,8,8,3,5,7,7,8,5,8,4,5
18220,A,3,3,5,4,1,7,5,3,0,7,1,8,2,7,2,8
18222,A,5,10,5,6,3,10,2,4,2,11,6,13,5,4,5,10
18225,A,1,1,2,1,0,7,4,2,0,7,2,8,2,7,1,8
18230,A,3,8,4,6,3,11,3,2,2,9,1,8,2,6,3,8
18250,C,5,7,6,5,6,8,4,6,3,8,6,11,8,8,4,7
18252,Y,5,8,7,12,11,8,8,4,2,7,8,9,4,11,8,8
18260,C,5,9,6,7,2,6,7,7,12,7,6,15,1,8,4,9
18267,A,4,10,7,7,3,12,3,4,3,11,1,9,2,7,3,9
18287,A,2,4,3,3,1,10,2,2,1,8,2,9,1,6,1,8
18288,Y,3,5,5,8,6,7,10,3,2,7,8,9,3,11,8,5
18294,Y,2,6,4,4,1,6,10,3,2,7,13,8,2,11,0,8
18297,A,3,10,5,7,2,6,6,3,1,6,0,8,2,7,1,7
18305,Y,5,6,8,9,10,8,8,4,2,7,8,9,6,12,8,8
18306,A,3,5,5,3,2,11,2,3,2,10,2,9,2,6,2,8
18318,C,2,4,3,3,1,4,9,5,7,11,9,12,1,9,2,7
18335,Y,8,11,7,6,4,7,8,4,6,10,6,4,4,10,5,5
18348,C,2,5,3,4,2,6,9,7,8,9,8,13,1,10,4,10
18370,Y,6,9,6,6,3,2,11,4,6,13,12,6,1,11,2,5
18373,A,2,3,4,2,1,11,2,3,1,9,2,9,1,6,2,8
18378,A,1,3,2,2,1,12,2,3,1,11,2,9,2,6,2,8
18390,C,2,1,2,1,1,6,8,6,7,8,8,12,1,9,3,10
18409,Y,5,10,8,7,4,8,10,1,7,4,11,9,2,12,3,8
18423,Y,5,6,7,9,9,8,10,4,3,6,8,9,5,13,8,8
18435,A,3,4,5,3,2,10,2,3,1,9,2,9,2,6,2,8
18445,Y,4,11,6,8,1,8,10,3,2,6,13,8,2,11,0,8
18450,C,3,4,4,2,1,5,8,5,7,10,8,13,1,9,3,8
18464,C,3,7,4,5,1,5,7,6,9,6,6,14,1,8,4,9
18466,Y,3,5,5,7,1,7,10,1,3,7,12,8,1,11,0,8
18471,A,3,8,5,6,3,11,3,3,2,10,2,9,2,7,3,9
18480,C,4,9,6,7,6,6,6,3,4,8,7,11,6,9,3,9
18498,Y,8,11,8,8,5,3,11,3,7,12,11,6,1,11,2,5
18499,A,3,6,5,4,1,9,4,3,1,8,1,8,3,6,2,8
18508,A,1,0,2,1,0,7,4,2,0,7,2,8,2,7,1,8
18526,Y,4,10,6,7,1,9,10,3,2,6,13,8,2,11,0,8
18527,Y,6,11,5,6,3,7,8,4,5,10,7,5,3,9,4,4
18534,C,4,8,5,6,3,5,8,7,7,8,8,14,2,9,4,10
18537,Y,5,8,5,6,2,3,11,2,7,12,11,6,0,10,2,5
18538,A,3,7,5,4,2,7,4,3,1,7,1,8,2,7,2,8
18541,C,3,7,4,5,1,6,7,7,9,7,6,13,1,8,4,9
18551,Y,5,8,5,6,3,3,10,2,7,11,11,6,1,11,2,5
18552,A,2,6,3,4,2,11,3,2,2,9,2,9,2,6,2,8
18557,C,3,4,4,3,1,4,8,5,8,11,9,12,1,9,3,7
18569,C,6,8,6,6,3,3,8,4,7,10,10,13,1,7,3,7
18570,A,5,12,6,6,3,13,1,4,1,12,3,11,2,3,3,11
18578,A,3,10,5,8,4,12,3,1,2,9,2,9,3,6,2,8
18582,C,4,7,6,5,3,7,7,8,6,6,6,10,3,8,4,9
18593,A,5,11,9,8,7,8,4,1,4,6,2,6,5,8,6,6
18603,C,5,10,6,8,2,5,7,7,11,7,6,14,1,8,4,9
18610,C,2,4,3,2,1,6,8,7,8,8,8,13,1,9,4,10
18618,A,4,9,6,7,4,12,2,3,3,10,2,9,2,6,4,8
18639,C,2,1,2,2,1,6,7,6,9,7,6,14,0,8,4,9
18641,C,3,8,4,6,2,5,8,7,7,8,8,14,2,10,4,10
18652,Y,6,9,8,7,7,9,3,7,5,7,9,7,3,8,8,3
18657,A,3,10,5,7,2,7,5,3,1,6,0,8,3,7,2,7
18658,A,4,10,7,8,5,7,3,1,2,5,2,8,4,5,4,6
18669,A,2,7,4,5,3,11,3,2,2,9,2,9,1,6,2,8
18700,C,6,11,7,8,5,5,7,7,9,8,6,13,2,11,5,8
18704,A,3,6,5,5,4,9,7,4,5,6,8,5,4,10,4,5
18707,C,4,9,5,7,4,5,7,8,7,10,8,13,2,11,4,10
18719,Y,4,11,7,8,1,9,10,3,2,6,13,8,2,11,0,8
18755,A,4,8,6,7,6,7,8,2,4,7,8,8,5,8,5,6
18758,Y,7,8,5,12,4,10,10,1,4,7,10,5,3,9,5,10
18762,A,2,1,4,2,1,8,2,2,2,8,1,8,2,6,2,7
18763,A,3,5,5,4,2,11,2,2,2,9,2,9,2,6,2,8
18778,A,2,7,3,5,2,12,3,2,2,10,2,9,2,6,2,8
18784,C,5,11,6,8,3,6,7,7,11,5,6,14,1,7,4,8
18787,C,4,8,5,6,3,5,8,7,8,8,8,14,2,9,4,9
18798,C,1,0,1,1,0,6,7,6,7,7,6,13,0,8,4,10
18800,A,3,9,5,6,3,12,2,4,2,11,2,9,3,7,3,9
18824,C,4,8,5,6,3,6,8,7,8,8,8,14,2,10,4,9
18834,Y,1,1,2,1,1,7,10,1,5,7,11,8,1,11,1,8
18843,Y,3,8,5,5,1,8,10,2,3,7,12,8,1,11,0,8
18868,C,4,9,6,7,2,6,6,7,11,9,5,13,1,10,4,9
18884,C,3,7,4,5,2,5,8,7,8,7,8,14,1,8,4,10
18892,A,4,9,6,8,6,10,7,4,6,6,9,5,5,11,4,4
18893,A,4,11,7,8,4,12,2,3,3,10,2,9,3,7,4,9
18895,C,5,5,6,8,3,5,7,7,11,7,6,12,1,8,4,9
18917,C,7,10,5,6,2,5,10,5,8,11,8,9,2,8,5,8
18928,A,2,6,4,4,2,8,3,2,2,7,1,8,2,6,2,6
18946,C,3,6,5,4,1,6,6,6,10,7,5,13,1,9,4,9
18976,A,2,1,3,1,1,7,4,2,0,7,2,8,3,6,1,8
18979,A,1,0,2,0,0,7,4,2,0,7,2,8,2,6,1,8
18988,C,4,7,5,5,2,6,7,6,7,12,8,13,2,10,3,8
18992,A,5,9,8,6,6,9,5,2,5,8,1,6,3,7,4,7
19005,C,4,8,5,6,2,6,8,6,10,6,6,13,1,8,4,8
19007,Y,2,6,4,4,0,9,10,2,2,6,12,8,1,11,0,8
19011,Y,4,11,6,8,3,6,11,2,3,8,12,8,1,11,0,8
19019,A,5,11,8,8,4,10,2,2,3,9,1,8,2,7,3,7
19023,A,2,4,4,5,2,8,6,3,1,7,0,8,2,7,2,8
19024,Y,4,11,6,8,4,7,9,2,6,6,12,9,2,11,2,8
19029,C,7,9,7,7,3,3,8,4,9,10,10,13,1,7,3,7
19036,C,4,9,6,6,2,7,8,7,10,5,6,13,1,7,4,9
19046,A,4,9,6,7,6,7,8,8,4,6,6,9,3,7,8,5
19051,Y,2,7,4,5,1,8,11,0,3,6,11,8,0,10,0,8
19057,A,2,7,4,5,3,12,4,3,2,9,2,9,2,6,2,8
19060,A,3,2,5,4,2,8,2,2,2,7,2,8,2,7,2,7
19061,C,2,3,2,2,1,4,8,4,6,11,9,11,1,9,2,7
19063,A,4,8,7,6,5,6,5,2,3,4,2,6,2,6,3,4
19065,Y,3,5,4,4,2,5,9,1,8,10,9,5,2,10,4,4
19078,A,1,0,2,0,0,7,4,2,0,7,2,8,2,7,1,8
19079,C,4,9,5,6,2,6,6,7,10,9,5,14,1,10,4,9
19089,C,5,10,6,8,2,6,7,7,10,7,6,15,1,8,4,9
19091,Y,2,7,4,5,1,9,10,1,3,6,12,8,1,11,0,8
19106,C,3,7,4,5,2,6,8,9,8,9,7,10,2,11,4,9
19112,A,5,11,8,8,5,10,1,2,3,8,2,8,4,8,4,9
19118,Y,5,10,7,7,4,4,10,2,8,11,12,9,3,9,2,6
19131,C,5,8,7,7,7,5,7,4,5,7,7,11,4,9,7,9
19135,Y,3,3,4,2,1,4,11,2,7,11,10,5,1,11,2,5
19139,C,3,9,4,7,2,5,7,7,10,7,6,13,1,9,4,9
19144,Y,2,4,3,3,1,4,12,3,6,12,10,5,1,10,1,5
19145,A,2,6,4,4,2,11,3,2,2,9,2,9,2,6,2,8
19151,Y,4,11,6,8,1,10,10,2,2,6,13,8,1,11,0,8
19164,A,6,11,11,8,8,7,5,2,5,5,1,6,6,8,6,6
19165,A,3,8,5,6,3,12,3,3,2,11,2,9,2,6,2,9
19166,Y,3,8,5,6,2,8,10,1,7,5,12,8,1,11,2,8
19176,C,7,12,5,7,4,7,7,4,3,9,9,11,4,10,9,11
19181,Y,8,15,7,8,4,6,8,5,3,10,9,5,4,10,4,4
19204,A,4,10,7,8,4,14,3,4,3,12,0,8,2,6,2,9
19237,Y,3,10,5,7,1,7,10,2,2,7,13,8,2,11,0,8
19243,C,3,4,5,7,2,5,7,7,10,7,6,12,1,9,4,9
19270,C,7,9,8,8,8,5,7,4,5,7,6,11,5,9,8,9
19276,C,6,10,8,8,5,8,7,8,7,7,6,9,4,8,4,9
19287,A,4,7,6,5,6,8,5,7,4,8,6,8,5,9,7,4
19289,C,5,10,6,8,4,5,8,9,9,9,9,12,2,10,4,9
19290,Y,3,6,4,4,2,3,11,2,7,11,10,6,1,11,2,5
19291,A,4,10,7,8,5,12,3,2,2,9,2,8,2,6,2,8
19294,Y,5,7,5,5,3,3,10,2,7,11,11,7,1,11,2,5
19302,C,2,3,3,2,1,5,9,5,7,12,9,10,1,10,2,7
19305,A,1,0,2,0,0,8,3,2,0,7,2,8,2,6,1,8
19307,A,4,9,6,7,4,13,2,4,2,11,1,8,3,7,3,9
19324,A,3,10,5,7,4,11,3,2,2,9,2,10,3,7,3,8
19325,Y,3,7,4,5,2,7,10,1,7,6,12,8,1,11,2,8
19332,Y,7,7,9,10,9,10,12,6,4,6,7,6,5,10,8,5
19340,C,5,10,7,8,8,7,5,4,4,8,6,11,7,9,4,8
19348,Y,2,1,4,2,1,7,11,1,7,7,11,8,1,11,2,8
19350,C,6,9,7,7,3,3,9,5,8,10,10,12,1,8,3,7
19367,Y,5,8,6,6,6,9,6,5,4,7,9,7,3,8,8,4
19380,C,3,6,4,4,1,5,6,6,9,7,5,11,1,9,4,8
19403,Y,4,10,7,7,3,7,10,1,8,7,12,8,1,11,2,8
19421,A,4,9,7,7,5,8,5,2,4,6,1,5,3,5,4,5
19424,A,4,9,6,7,6,8,6,6,4,7,6,9,5,8,7,3
19434,C,5,9,6,7,3,5,8,7,8,7,8,14,2,9,4,9
19435,C,1,0,2,0,0,7,7,6,8,7,6,13,0,8,4,10
19439,C,6,9,7,7,7,6,7,3,4,6,7,10,7,8,6,7
19447,Y,4,5,6,7,8,7,8,3,2,8,8,9,4,11,8,5
19452,C,3,5,5,4,4,6,7,4,4,6,6,11,4,10,7,11
19469,C,2,0,2,1,0,6,7,6,9,7,6,14,0,8,4,10
19485,Y,2,3,4,5,1,7,10,1,3,7,12,8,1,11,0,8
19488,A,4,7,5,5,5,7,6,8,4,7,5,8,4,8,10,2
19492,C,4,5,5,4,2,4,9,5,8,12,10,12,1,8,2,7
19553,C,6,9,7,7,7,8,5,6,3,7,8,11,8,9,5,4
19558,Y,1,0,1,0,0,8,10,1,3,6,11,8,1,11,0,8
19566,Y,6,11,9,8,5,7,10,1,8,6,12,9,4,10,3,7
19570,Y,3,5,6,7,1,9,10,3,2,6,13,8,2,11,0,8
19586,Y,5,10,7,8,3,8,10,3,2,6,12,8,2,11,0,8
19596,A,1,0,2,0,0,7,4,2,0,7,2,8,2,7,1,8
19598,A,7,14,7,8,6,10,3,5,2,10,5,12,7,1,6,11
19600,Y,4,11,6,8,3,10,10,1,3,6,12,8,1,11,0,8
19604,Y,4,5,5,3,2,4,11,2,7,12,10,5,1,11,2,4
19613,Y,5,7,5,5,2,2,12,4,5,13,11,6,1,11,1,6
19614,Y,1,0,2,0,0,8,10,3,1,6,12,8,1,11,0,8
19621,A,10,14,8,8,4,11,1,3,0,10,4,11,3,4,4,10
19624,C,4,6,5,4,5,7,6,4,3,7,7,11,5,9,3,9
19625,A,7,11,7,6,5,10,3,5,2,10,5,11,7,2,6,10
19626,C,4,11,5,8,4,5,8,8,6,10,8,13,3,12,5,8
19628,A,3,8,5,6,4,11,2,2,2,9,2,9,3,6,3,8
19635,C,3,8,4,6,3,5,8,8,7,10,8,13,2,10,4,9
19647,Y,3,9,5,6,1,6,10,2,2,8,12,8,1,11,0,8
19649,Y,2,4,3,2,1,4,11,2,6,11,10,5,1,11,2,5
19679,A,4,8,5,6,4,8,3,1,2,6,2,8,2,6,2,6
19680,C,2,5,3,3,1,4,8,5,6,11,9,12,1,9,2,7
19684,Y,1,1,3,1,1,8,11,1,6,6,11,8,1,11,1,8
19704,A,5,10,7,8,4,8,2,2,3,6,2,7,5,7,5,8
19713,C,2,3,2,2,1,6,8,6,7,8,7,13,1,9,3,10
19732,A,3,7,6,5,3,12,3,3,3,11,1,8,2,6,2,9
19742,C,4,8,6,6,4,5,7,6,8,6,6,13,1,7,4,9
19750,Y,1,0,2,0,0,7,10,3,1,7,12,8,1,11,0,8
19779,C,4,11,5,8,4,5,8,8,7,10,9,13,2,10,4,10
19781,Y,6,8,6,6,3,4,10,2,8,9,10,5,2,12,4,3
19790,C,4,6,5,4,5,5,7,4,5,7,6,9,5,11,3,8
19798,Y,5,9,7,7,6,9,5,7,5,7,9,8,3,9,8,4
19802,Y,3,8,4,5,1,8,10,2,3,5,12,8,1,10,0,8
19807,A,3,8,5,5,2,6,4,3,1,6,1,8,2,7,2,7
19811,Y,6,9,8,7,8,9,7,6,4,6,8,8,3,9,8,4
19815,Y,1,0,2,0,0,7,10,3,1,7,12,8,1,11,0,8
19820,A,4,8,6,6,4,8,3,2,2,6,2,7,2,6,2,7
19823,A,3,6,5,4,3,8,6,2,4,8,2,5,2,6,2,7
19854,A,4,11,6,8,5,7,4,2,1,7,1,8,2,7,2,7
19864,C,10,14,8,8,6,7,8,4,4,9,8,10,4,9,9,11
19874,C,4,6,5,4,5,7,7,4,3,6,8,10,5,11,3,8
19882,Y,1,1,3,2,1,6,10,1,6,8,11,8,1,11,2,8
19889,A,3,11,5,8,4,12,3,3,3,10,2,9,2,7,3,9
19893,A,2,2,4,4,2,8,2,1,2,7,2,8,2,7,3,7
19894,A,3,7,4,5,2,7,4,2,0,6,2,8,2,7,1,7
19906,C,5,4,6,6,2,6,7,7,11,8,6,13,1,9,4,8
19908,Y,5,7,5,5,2,3,10,2,7,11,11,6,1,11,2,5
19920,Y,4,10,6,7,1,9,11,3,2,5,13,8,1,11,0,8
19941,Y,6,9,5,5,2,5,9,3,3,10,9,5,3,10,3,4
19952,A,6,10,7,6,3,12,0,4,1,11,4,12,4,4,3,11
19967,A,2,3,3,1,1,6,2,2,1,5,2,8,1,6,1,7
19969,C,6,9,6,7,4,4,7,5,7,10,9,14,4,9,5,5
19972,C,5,10,7,9,8,5,6,4,4,7,6,11,5,11,8,10
19978,A,3,9,5,6,2,6,5,3,1,6,1,8,2,7,2,7
19983,Y,3,9,5,6,3,7,9,1,6,6,11,8,2,11,2,7
19997,C,7,10,8,8,4,4,8,6,9,12,9,13,2,9,3,7
20000,A,4,9,6,6,2,9,5,3,1,8,1,8,2,7,2,8
